,NO2,PM10,O3_max,O3_8h,SO2,CO
2013-01-01,115.0,64.0,35,19,15,2.7
2013-01-02,75.0,144.0,10,7,13,3
2013-01-03,68.0,52.0,25,16,10,1.8
2013-01-04,77.0,40.0,30,18,12,1.5
2013-01-05,81.0,79.0,13,9,10,2.2
2013-01-06,71.0,97.0,18,11,7,2.3
2013-01-07,106.0,220.0,29,16,5,2.9
2013-01-08,78.0,116.0,7,7,4,2.7
2013-01-09,78.0,43.0,10,8,4,1.5
2013-01-10,72.0,68.0,6,6,4,1.4
2013-01-11,78.0,77.0,13,7,4,1.6
2013-01-12,73.0,89.0,15,7,3,1.9
2013-01-13,72.0,54.0,25,15,5,2
2013-01-14,55.0,39.0,44,38,< 3,1.2
2013-01-15,63.0,21.0,54,46,5,0.8
2013-01-16,63.0,25.0,22,13,4,0.8
2013-01-17,42.0,10.0,55,48,3,0.6
2013-01-18,71.0,22.0,40,41,3,1
2013-01-19,82.0,39.0,36,18,4,1.4
2013-01-20,78.0,58.0,25,15,3,1.7
2013-01-21,65.0,34.0,36,30,,1.1
2013-01-22,58.0,35.0,7,5,< 3,1.2
2013-01-23,73.0,30.0,29,15,< 3,0.9
2013-01-24,80.0,26.0,48,31,16,1.1
2013-01-25,83.0,28.0,41,22,5,0.8
2013-01-26,73.0,24.0,58,45,7,0.8
2013-01-27,120.0,61.0,52,40,5,2.1
2013-01-28,95.0,96.0,43,28,7,2.4
2013-01-29,87.0,68.0,15,8,3,1.6
2013-01-30,74.0,42.0,10,8,< 3,1.1
2013-01-31,87.0,57.0,16,11,3,1.1
2013-02-01,95.0,72.0,26,16,3,1.2
2013-02-02,73.0,71.0,24,14,6,1.1
2013-02-03,63.0,41.0,73,61,4,0.9
2013-02-04,91.0,24.0,72,63,3,1.2
2013-02-05,121.0,54.0,45,28,3,2.1
2013-02-06,119.0,64.0,16,9,5,2.4
2013-02-07,68.0,39.0,53,39,3,1.7
2013-02-08,161.0,44.0,47,31,3,1.7
2013-02-09,120.0,55.0,57,39,4,2.1
2013-02-10,78.0,44.0,56,39,4,1.8
2013-02-11,61.0,26.0,69,54,3,0.7
2013-02-12,70.0,37.0,68,56,3,0.9
2013-02-13,102.0,34.0,70,68,5,1.6
2013-02-14,109.0,51.0,37,19,3,1.7
2013-02-15,141.0,52.0,57,38,5,1.8
2013-02-16,141.0,69.0,56,37,6,2.6
2013-02-17,113.0,61.0,79,61,4,2.8
2013-02-18,47.0,28.0,79,71,4,1.8
2013-02-19,118.0,41.0,84,71,5,1.6
2013-02-20,115.0,73.0,71,57,3,1.3
2013-02-21,111.0,80.0,53,36,5,1.5
2013-02-22,61.0,14.0,61,48,3,0.7
2013-02-23,85.0,24.0,65,61,5,0.6
2013-02-24,73.0,24.0,79,63,3,0.6
2013-02-25,28.0,16.0,82,76,5,0.4
2013-02-26,115.0,26.0,75,66,4,0.9
2013-02-27,91.0,24.0,83,68,4,0.9
2013-02-28,86.0,29.0,30,18,< 3,1.2
2013-03-01,129.0,36.0,67,53,5,1.8
2013-03-02,93.0,70.0,67,40,4,2.2
2013-03-03,96.0,50.0,74,64,7,1.7
2013-03-04,101.0,85.0,92,70,< 3,1.9
2013-03-05,129.0,64.0,72,58,7,2
2013-03-06,103.0,56.0,66,54,12,1.2
2013-03-07,68.0,30.0,62,42,< 3,0.9
2013-03-08,81.0,,,38,< 3,0.5
2013-03-09,,,,,,
2013-03-10,62.0,39.0,25,19,3,0.8
2013-03-11,44.0,33.0,70,59,< 3,0.9
2013-03-12,79.0,28.0,83,58,3,0.7
2013-03-13,56.0,20.0,72,60,6,0.5
2013-03-14,63.0,19.0,56,49,< 3,0.4
2013-03-15,58.0,13.0,63,52,4,0.5
2013-03-16,85.0,19.0,74,71,< 3,0.6
2013-03-17,59.0,23.0,90,82,4,0.6
2013-03-18,54.0,34.0,90,78,< 3,0.6
2013-03-19,58.0,,94,88,< 3,0.5
2013-03-20,87.0,33.0,87,68,4,0.7
2013-03-21,81.0,44.0,51,41,3,0.9
2013-03-22,90.0,15.0,98,83,< 3,0.6
2013-03-23,106.0,25.0,97,88,4,0.7
2013-03-24,74.0,34.0,91,80,3,0.8
2013-03-25,27.0,22.0,78,75,< 3,0.6
2013-03-26,65.0,21.0,82,77,5,0.5
2013-03-27,77.0,29.0,73,67,5,0.7
2013-03-28,83.0,29.0,78,68,6,0.7
2013-03-29,78.0,45.0,60,45,7,0.7
2013-03-30,80.0,28.0,70,52,< 3,0.7
2013-03-31,58.0,31.0,73,58,< 3,0.8
2013-04-01,42.0,8.0,87,82,< 3,0.5
2013-04-02,49.0,18.0,96,92,6,0.5
2013-04-03,45.0,16.0,96,86,6,0.5
2013-04-04,85.0,16.0,98,88,< 3,0.5
2013-04-05,71.0,23.0,92,83,6,0.5
2013-04-06,68.0,13.0,88,79,< 3,0.6
2013-04-07,56.0,17.0,90,81,4,0.6
2013-04-08,24.0,15.0,90,87,8,0.6
2013-04-09,65.0,17.0,91,85,8,0.6
2013-04-10,62.0,27.0,90,83,5,0.5
2013-04-11,57.0,31.0,101,85,3,0.5
2013-04-12,78.0,36.0,109,93,6,0.5
2013-04-13,83.0,30.0,87,68,< 3,0.5
2013-04-14,62.0,25.0,111,100,< 3,0.6
2013-04-15,42.0,29.0,123,109,5,0.5
2013-04-16,74.0,47.0,120,107,4,0.6
2013-04-17,74.0,37.0,113,105,4,0.6
2013-04-18,113.0,42.0,127,106,4,0.6
2013-04-19,61.0,50.0,137,113,< 3,0.6
2013-04-20,90.0,47.0,133,126,5,0.7
2013-04-21,66.0,28.0,117,103,4,0.5
2013-04-22,33.0,26.0,112,95,4,0.5
2013-04-23,89.0,17.0,91,83,< 3,0.5
2013-04-24,93.0,20.0,112,96,3,0.6
2013-04-25,88.0,20.0,120,105,3,0.8
2013-04-26,46.0,26.0,134,125,< 3,0.5
2013-04-27,71.0,28.0,103,92,3,0.6
2013-04-28,43.0,32.0,90,72,3,0.5
2013-04-29,35.0,22.0,97,90,4,0.4
2013-04-30,61.0,28.0,91,79,< 3,0.4
2013-05-01,84.0,35.0,48,41,< 3,0.8
2013-05-02,56.0,33.0,114,108,5,0.8
2013-05-03,52.0,34.0,87,,3,0.5
2013-05-04,42.0,35.0,94,,< 3,0.5
2013-05-05,56.0,41.0,107,98,3,0.6
2013-05-06,44.0,34.0,101,93,4,0.6
2013-05-07,44.0,12.0,81,69,3,0.4
2013-05-08,78.0,19.0,74,49,< 3,0.6
2013-05-09,75.0,19.0,104,96,6,0.6
2013-05-10,107.0,26.0,134,118,3,0.7
2013-05-11,67.0,36.0,96,73,3,0.8
2013-05-12,41.0,10.0,69,63,< 3,0.4
2013-05-13,39.0,9.0,101,95,< 3,0.3
2013-05-14,57.0,10.0,102,97,< 3,0.3
2013-05-15,60.0,15.0,110,102,4,0.4
2013-05-16,55.0,17.0,112,102,9,0.4
2013-05-17,27.0,22.0,82,84,3,0.3
2013-05-18,45.0,17.0,80,79,< 3,0.3
2013-05-19,34.0,14.0,105,99,4,0.3
2013-05-20,19.0,11.0,98,92,< 3,0.3
2013-05-21,55.0,11.0,111,103,< 3,0.3
2013-05-22,47.0,14.0,106,99,< 3,0.3
2013-05-23,73.0,14.0,109,103,< 3,0.4
2013-05-24,61.0,14.0,92,,3,0.4
2013-05-25,31.0,7.0,86,74,,
2013-05-26,30.0,7.0,88,81,< 3,0.3
2013-05-27,26.0,9.0,115,106,< 3,0.3
2013-05-28,36.0,14.0,117,109,< 3,0.4
2013-05-29,49.0,19.0,104,92,4,0.3
2013-05-30,51.0,13.0,96,86,< 3,0.3
2013-05-31,57.0,16.0,79,62,< 3,0.4
2013-06-01,66.0,25.0,58,41,< 3,0.4
2013-06-02,52.0,11.0,94,81,3,0.4
2013-06-03,32.0,14.0,99,89,6,0.5
2013-06-04,57.0,13.0,103,89,5,0.4
2013-06-05,37.0,13.0,117,105,5,0.4
2013-06-06,47.0,16.0,106,95,4,0.4
2013-06-07,53.0,17.0,114,102,3,0.4
2013-06-08,53.0,16.0,131,119,< 3,0.4
2013-06-09,54.0,19.0,150,135,5,0.4
2013-06-10,24.0,17.0,122,103,3,0.4
2013-06-11,45.0,17.0,116,111,< 3,0.3
2013-06-12,42.0,33.0,120,105,4,0.4
2013-06-13,61.0,27.0,129,116,5,0.5
2013-06-14,52.0,21.0,149,137,3,0.4
2013-06-15,61.0,25.0,160,144,4,0.4
2013-06-16,62.0,26.0,163,150,5,0.5
2013-06-17,32.0,28.0,123,115,4,0.4
2013-06-18,45.0,28.0,126,118,3,0.5
2013-06-19,68.0,32.0,125,,,0.4
2013-06-20,63.0,29.0,128,119,4,0.4
2013-06-21,48.0,29.0,133,113,5,0.4
2013-06-22,45.0,23.0,135,126,3,0.3
2013-06-23,37.0,24.0,140,134,4,0.3
2013-06-24,35.0,22.0,137,133,5,0.4
2013-06-25,35.0,13.0,87,90,< 3,0.3
2013-06-26,37.0,14.0,99,91,< 3,0.3
2013-06-27,51.0,10.0,90,79,< 3,0.3
2013-06-28,37.0,,95,87,3,0.3
2013-06-29,55.0,,94,83,< 3,0.6
2013-06-30,58.0,18.0,116,106,< 3,0.6
2013-07-01,52.0,21.0,141,125,9,0.5
2013-07-02,50.0,16.0,120,111,< 3,0.3
2013-07-03,48.0,19.0,115,108,3,0.3
2013-07-04,51.0,24.0,135,119,7,0.4
2013-07-05,56.0,18.0,137,123,3,0.4
2013-07-06,61.0,21.0,147,131,4,0.4
2013-07-07,66.0,18.0,123,113,7,0.4
2013-07-08,46.0,19.0,133,126,3,0.4
2013-07-09,64.0,26.0,114,108,3,0.5
2013-07-10,64.0,28.0,162,142,5,0.5
2013-07-11,71.0,27.0,157,138,3,0.5
2013-07-12,51.0,26.0,177,161,< 3,0.5
2013-07-13,35.0,29.0,134,118,3,0.4
2013-07-14,32.0,20.0,144,126,4,0.4
2013-07-15,45.0,18.0,136,127,3,0.4
2013-07-16,63.0,22.0,159,144,3,0.4
2013-07-17,59.0,25.0,127,117,3,0.4
2013-07-18,61.0,25.0,141,127,< 3,0.4
2013-07-19,64.0,24.0,138,119,3,0.5
2013-07-20,71.0,27.0,171,147,3,0.5
2013-07-21,65.0,,171,155,3,0.6
2013-07-22,84.0,30.0,148,135,7,0.7
2013-07-23,67.0,28.0,132,124,8,0.6
2013-07-24,73.0,29.0,176,160,3,0.5
2013-07-25,65.0,26.0,184,158,6,0.5
2013-07-26,43.0,26.0,175,165,4,0.4
2013-07-27,49.0,31.0,177,167,< 3,0.5
2013-07-28,49.0,29.0,167,153,< 3,0.5
2013-07-29,37.0,27.0,154,142,4,0.5
2013-07-30,36.0,21.0,91,88,< 3,0.4
2013-07-31,64.0,10.0,113,105,< 3,0.4
2013-08-01,70.0,17.0,142,131,3,0.5
2013-08-02,92.0,34.0,179,159,6,0.7
2013-08-03,104.0,34.0,185,163,4,0.8
2013-08-04,75.0,34.0,187,172,3,0.9
2013-08-05,51.0,31.0,167,158,< 3,0.7
2013-08-06,49.0,33.0,210,188,< 3,0.6
2013-08-07,46.0,34.0,197,179,3,0.7
2013-08-08,37.0,31.0,134,120,3,0.7
2013-08-09,41.0,30.0,122,109,4,0.5
2013-08-10,30.0,23.0,135,117,4,0.3
2013-08-11,61.0,12.0,118,106,3,0.4
2013-08-12,56.0,17.0,131,124,< 3,0.5
2013-08-13,42.0,18.0,158,146,< 3,0.4
2013-08-14,50.0,22.0,152,145,< 3,0.3
2013-08-15,32.0,9.0,101,113,< 3,0.3
2013-08-16,61.0,13.0,123,116,3,0.4
2013-08-17,56.0,18.0,134,127,< 3,0.4
2013-08-18,63.0,23.0,163,146,< 3,0.5
2013-08-19,48.0,22.0,158,148,< 3,0.6
2013-08-20,49.0,24.0,153,137,< 3,0.4
2013-08-21,29.0,7.0,81,97,< 3,0.3
2013-08-22,79.0,,122,111,4,0.4
2013-08-23,43.0,19.0,137,124,4,0.4
2013-08-24,54.0,25.0,151,132,< 3,0.5
2013-08-25,34.0,17.0,137,128,3,0.4
2013-08-26,20.0,24.0,116,108,< 3,0.4
2013-08-27,45.0,10.0,103,91,3,0.4
2013-08-28,35.0,12.0,97,82,< 3,0.4
2013-08-29,36.0,,125,113,4,0.4
2013-08-30,55.0,13.0,85,83,5,0.4
2013-08-31,82.0,17.0,104,97,4,0.5
2013-09-01,66.0,24.0,138,119,4,0.6
2013-09-02,52.0,21.0,123,111,3,0.6
2013-09-03,50.0,13.0,101,92,3,0.4
2013-09-04,61.0,23.0,137,117,6,0.5
2013-09-05,61.0,24.0,126,109,7,0.5
2013-09-06,62.0,27.0,134,110,7,0.4
2013-09-07,63.0,24.0,106,90,6,0.5
2013-09-08,56.0,23.0,124,107,4,0.6
2013-09-09,41.0,24.0,114,101,5,0.5
2013-09-10,101.0,24.0,108,100,< 3,0.4
2013-09-11,40.0,17.0,101,88,< 3,0.4
2013-09-12,40.0,8.0,68,54,< 3,0.4
2013-09-13,55.0,11.0,100,85,3,0.3
2013-09-14,78.0,19.0,103,82,< 3,0.4
2013-09-15,58.0,22.0,121,103,5,0.5
2013-09-16,39.0,34.0,101,92,9,0.5
2013-09-17,45.0,16.0,88,75,5,0.4
2013-09-18,57.0,14.0,83,73,6,0.4
2013-09-19,69.0,16.0,32,24,3,0.7
2013-09-20,56.0,19.0,90,78,3,0.7
2013-09-21,60.0,16.0,80,62,4,0.4
2013-09-22,60.0,20.0,91,81,5,0.5
2013-09-23,53.0,18.0,87,78,4,0.5
2013-09-24,67.0,26.0,124,96,3,0.6
2013-09-25,78.0,46.0,127,104,4,0.6
2013-09-26,95.0,47.0,116,103,< 3,0.6
2013-09-27,77.0,39.0,92,78,< 3,0.5
2013-09-28,46.0,32.0,99,81,< 3,0.5
2013-09-29,42.0,44.0,92,76,3,0.5
2013-09-30,34.0,27.0,69,55,< 3,0.5
2013-10-01,52.0,7.0,48,44,4,0.5
2013-10-02,72.0,14.0,71,51,3,0.5
2013-10-03,72.0,17.0,73,62,4,0.4
2013-10-04,61.0,26.0,56,49,< 3,0.4
2013-10-05,58.0,25.0,50,41,< 3,0.4
2013-10-06,51.0,32.0,48,41,3,0.4
2013-10-07,36.0,17.0,47,43,< 3,0.5
2013-10-08,62.0,21.0,48,37,5,0.6
2013-10-09,78.0,35.0,52,45,4,0.6
2013-10-10,77.0,40.0,64,56,6,0.9
2013-10-11,63.0,45.0,54,34,6,1
2013-10-12,87.0,15.0,69,65,3,0.6
2013-10-13,66.0,17.0,64,54,< 3,0.8
2013-10-14,54.0,19.0,77,66,< 3,0.8
2013-10-15,62.0,40.0,17,17,7,0.7
2013-10-16,65.0,51.0,41,21,< 3,0.7
2013-10-17,87.0,68.0,39,24,< 3,0.9
2013-10-18,91.0,,71,47,< 3,0.9
2013-10-19,79.0,58.0,66,44,4,1
2013-10-20,70.0,70.0,66,47,6,1
2013-10-21,58.0,95.0,59,39,3,1.2
2013-10-22,63.0,53.0,41,38,< 3,0.8
2013-10-23,61.0,56.0,36,25,< 3,0.9
2013-10-24,64.0,39.0,57,47,< 3,0.6
2013-10-25,69.0,20.0,52,40,3,0.8
2013-10-26,69.0,32.0,53,36,< 3,0.8
2013-10-27,65.0,46.0,27,15,< 3,1.4
2013-10-28,44.0,37.0,52,42,< 3,1.6
2013-10-29,70.0,50.0,33,21,< 3,0.8
2013-10-30,67.0,39.0,40,11,< 3,0.8
2013-10-31,53.0,18.0,40,34,< 3,0.6
2013-11-01,98.0,22.0,63,50,< 3,1.7
2013-11-02,80.0,36.0,62,44,< 3,1.8
2013-11-03,62.0,60.0,26,18,< 3,1
2013-11-04,48.0,52.0,31,24,< 3,1
2013-11-05,71.0,32.0,20,12,3,0.7
2013-11-06,,19.0,46,37,< 3,1.3
2013-11-07,,50.0,28,17,< 3,1.8
2013-11-08,,65.0,43,,5,
2013-11-09,75.0,68.0,17,10,< 3,2.1
2013-11-10,51.0,49.0,30,18,< 3,0.9
2013-11-11,46.0,35.0,34,28,< 3,0.6
2013-11-12,68.0,15.0,62,38,< 3,0.5
2013-11-13,74.0,,52,44,< 3,0.7
2013-11-14,65.0,24.0,35,20,7,0.7
2013-11-15,52.0,20.0,36,22,4,0.6
2013-11-16,40.0,10.0,35,31,3,0.6
2013-11-17,63.0,22.0,53,39,3,0.7
2013-11-18,75.0,31.0,62,44,3,1.3
2013-11-19,71.0,45.0,22,13,3,1.3
2013-11-20,55.0,18.0,41,38,< 3,0.8
2013-11-21,72.0,18.0,53,38,< 3,1
2013-11-22,65.0,12.0,55,36,< 3,1
2013-11-23,83.0,12.0,59,44,< 3,0.7
2013-11-24,31.0,9.0,46,39,< 3,0.7
2013-11-25,69.0,14.0,46,35,< 3,1.3
2013-11-26,89.0,20.0,71,47,,1.4
2013-11-27,103.0,21.0,56,38,3,1.3
2013-11-28,97.0,24.0,44,25,< 3,1.1
2013-11-29,108.0,42.0,44,28,3,1.7
2013-11-30,132.0,94.0,15,10,5,2.8
2013-12-01,98.0,74.0,43,19,4,3
2013-12-02,82.0,26.0,61,46,< 3,1.1
2013-12-03,95.0,28.0,52,38,< 3,1.1
2013-12-04,146.0,47.0,31,17,5,2.1
2013-12-05,139.0,96.0,8,6,6,3.7
2013-12-06,157.0,94.0,20,9,4,3.9
2013-12-07,116.0,85.0,13,8,3,3.3
2013-12-08,100.0,87.0,8,6,< 3,2.1
2013-12-09,93.0,62.0,49,30,3,2.3
2013-12-10,82.0,91.0,7,5,3,2.5
2013-12-11,134.0,99.0,11,6,4,3.3
2013-12-12,80.0,94.0,8,5,4,3.3
2013-12-13,66.0,61.0,5,4,< 3,1.8
2013-12-14,80.0,55.0,4,< 4,3,1.8
2013-12-15,91.0,60.0,4,< 4,3,2
2013-12-16,78.0,74.0,21,10,< 3,2.2
2013-12-17,94.0,92.0,9,6,4,2.9
2013-12-18,134.0,134.0,6,5,5,3.8
2013-12-19,178.0,157.0,6,5,6,4.3
2013-12-20,108.0,119.0,7,5,4,4.1
2013-12-21,85.0,62.0,6,5,< 3,1.7
2013-12-22,63.0,72.0,4,< 4,< 3,1.8
2013-12-23,49.0,75.0,< 4,< 4,< 3,1.7
2013-12-24,52.0,65.0,5,< 4,< 3,1.1
2013-12-25,44.0,43.0,24,16,3,1.1
2013-12-26,49.0,43.0,61,42,< 3,0.8
2013-12-27,54.0,23.0,71,68,< 3,0.6
2013-12-28,78.0,29.0,24,19,< 3,1.7
2013-12-29,76.0,46.0,28,15,< 3,1.9
2013-12-30,55.0,30.0,28,23,< 3,1.7
2013-12-31,68.0,16.0,52,36,< 3,1
2014-01-01,75.0,34.0,46,23,< 3,1.6
2014-01-02,72.0,65.0,46,25,< 3,1.7
2014-01-03,63.0,53.0,19,10,< 3,1.9
2014-01-04,50.0,39.0,30,21,< 3,1
2014-01-05,47.0,43.0,11,5,< 3,1.2
2014-01-06,57.0,22.0,43,32,< 3,0.9
2014-01-07,71.0,35.0,36,20,< 3,1.8
2014-01-08,68.0,74.0,11,6,< 3,1.9
2014-01-09,69.0,84.0,6,4,< 3,1.6
2014-01-10,67.0,60.0,6,5,< 3,0.9
2014-01-11,65.0,78.0,4,4,< 3,1.3
2014-01-12,73.0,85.0,4,< 4,< 3,1.8
2014-01-13,63.0,81.0,10,6,< 3,2
2014-01-14,82.0,122.0,18,8,< 3,1.4
2014-01-15,67.0,35.0,29,11,3,1.3
2014-01-16,55.0,32.0,17,9,< 3,
2014-01-17,58.0,40.0,10,7,< 3,0.8
2014-01-18,66.0,31.0,18,11,< 3,0.8
2014-01-19,58.0,30.0,25,8,< 3,0.9
2014-01-20,49.0,26.0,43,32,< 3,0.7
2014-01-21,65.0,27.0,17,18,< 3,1
2014-01-22,85.0,44.0,14,9,3,2.3
2014-01-23,89.0,52.0,17,10,< 3,2.4
2014-01-24,81.0,82.0,4,4,< 3,2.6
2014-01-25,62.0,18.0,22,17,< 3,1.3
2014-01-26,81.0,34.0,37,26,3,1.9
2014-01-27,74.0,51.0,43,30,< 3,2.2
2014-01-28,54.0,38.0,57,37,< 3,1.3
2014-01-29,86.0,26.0,62,58,3,0.9
2014-01-30,,48.0,30,,3,1.1
2014-01-31,59.0,23.0,51,41,< 3,0.7
2014-02-01,93.0,29.0,65,54,< 3,0.9
2014-02-02,47.0,20.0,56,49,< 3,0.8
2014-02-03,23.0,,54,46,< 3,0.8
2014-02-04,45.0,14.0,53,52,3,0.5
2014-02-05,59.0,19.0,45,42,< 3,0.5
2014-02-06,72.0,24.0,46,40,< 3,0.7
2014-02-07,98.0,20.0,72,48,< 3,1.4
2014-02-08,93.0,46.0,40,17,< 3,1.7
2014-02-09,73.0,30.0,49,34,< 3,1
2014-02-10,67.0,19.0,53,48,< 3,1
2014-02-11,65.0,15.0,57,48,< 3,0.6
2014-02-12,70.0,25.0,41,47,< 3,0.7
2014-02-13,73.0,35.0,35,27,3,1.3
2014-02-14,72.0,51.0,41,15,< 3,1.9
2014-02-15,106.0,31.0,67,37,5,1.2
2014-02-16,91.0,52.0,34,22,< 3,1.5
2014-02-17,66.0,55.0,66,52,< 3,1.3
2014-02-18,68.0,31.0,72,49,< 3,0.8
2014-02-19,89.0,39.0,37,27,< 3,0.8
2014-02-20,60.0,36.0,43,32,< 3,0.6
2014-02-21,63.0,15.0,65,51,< 3,0.7
2014-02-22,73.0,38.0,52,36,< 3,0.8
2014-02-23,56.0,12.0,67,57,< 3,0.7
2014-02-24,93.0,24.0,84,70,3,1.2
2014-02-25,102.0,39.0,72,59,3,1.5
2014-02-26,95.0,47.0,78,52,< 3,1.4
2014-02-27,103.0,56.0,71,43,5,0.8
2014-02-28,80.0,,77,53,3,0.7
2014-03-01,61.0,40.0,62,,< 3,0.8
2014-03-02,27.0,10.0,77,70,3,0.4
2014-03-03,76.0,21.0,79,74,3,0.9
2014-03-04,84.0,34.0,78,62,4,1
2014-03-05,49.0,25.0,71,54,5,0.6
2014-03-06,93.0,29.0,77,64,7,1.1
2014-03-07,93.0,41.0,77,58,8,1.3
2014-03-08,113.0,54.0,87,70,5,1.6
2014-03-09,106.0,53.0,97,82,5,1.7
2014-03-10,119.0,57.0,107,91,< 3,1.5
2014-03-11,74.0,40.0,95,83,3,1.3
2014-03-12,122.0,43.0,100,89,4,1
2014-03-13,133.0,63.0,104,89,4,1.3
2014-03-14,135.0,77.0,92,77,8,1.7
2014-03-15,107.0,99.0,110,83,4,1.6
2014-03-16,90.0,126.0,54,41,4,1.1
2014-03-17,43.0,79.0,127,115,< 3,1
2014-03-18,99.0,79.0,67,53,< 3,1.1
2014-03-19,95.0,89.0,86,56,< 3,1.2
2014-03-20,101.0,102.0,78,63,< 3,1.5
2014-03-21,100.0,74.0,105,77,< 3,1.5
2014-03-22,76.0,57.0,90,72,3,1.3
2014-03-23,40.0,39.0,95,84,4,0.6
2014-03-24,48.0,15.0,85,74,3,0.5
2014-03-25,76.0,7.0,73,67,< 3,0.5
2014-03-26,84.0,18.0,77,68,< 3,0.7
2014-03-27,59.0,16.0,86,79,5,0.4
2014-03-28,51.0,23.0,97,90,3,0.5
2014-03-29,102.0,,104,95,< 3,0.9
2014-03-30,103.0,41.0,113,98,< 3,1.2
2014-03-31,71.0,43.0,128,116,< 3,1.6
2014-04-01,70.0,53.0,125,98,3,0.7
2014-04-02,81.0,63.0,115,98,3,0.7
2014-04-03,82.0,48.0,107,90,< 3,0.6
2014-04-04,68.0,43.0,69,55,4,0.7
2014-04-05,59.0,33.0,99,88,< 3,0.7
2014-04-06,60.0,29.0,92,76,< 3,0.6
2014-04-07,81.0,37.0,111,101,< 3,0.8
2014-04-08,80.0,34.0,110,94,3,0.8
2014-04-09,66.0,40.0,100,85,6,0.6
2014-04-10,61.0,18.0,98,94,3,0.5
2014-04-11,62.0,16.0,108,96,4,0.4
2014-04-12,68.0,19.0,97,92,3,0.5
2014-04-13,64.0,20.0,94,91,5,0.6
2014-04-14,53.0,19.0,102,92,< 3,0.5
2014-04-15,60.0,24.0,127,115,4,0.7
2014-04-16,60.0,15.0,99,94,< 3,0.4
2014-04-17,53.0,12.0,95,88,< 3,0.4
2014-04-18,77.0,16.0,109,102,< 3,0.4
2014-04-19,63.0,23.0,111,100,3,0.4
2014-04-20,36.0,18.0,110,104,< 3,0.4
2014-04-21,44.0,21.0,105,95,< 3,0.5
2014-04-22,55.0,18.0,77,70,< 3,0.5
2014-04-23,52.0,22.0,102,89,< 3,0.6
2014-04-24,59.0,23.0,103,91,3,0.5
2014-04-25,58.0,14.0,107,93,< 3,0.4
2014-04-26,50.0,19.0,133,118,4,0.5
2014-04-27,37.0,13.0,116,96,3,0.4
2014-04-28,22.0,13.0,91,78,< 3,0.4
2014-04-29,42.0,15.0,73,61,4,0.4
2014-04-30,41.0,13.0,109,99,3,0.4
2014-05-01,63.0,15.0,49,,,
2014-05-02,33.0,13.0,128,118,3,0.5
2014-05-03,57.0,17.0,79,80,3,0.6
2014-05-04,44.0,14.0,117,103,< 3,0.5
2014-05-05,36.0,10.0,117,111,3,0.4
2014-05-06,48.0,14.0,122,113,< 3,0.4
2014-05-07,53.0,19.0,135,121,5,0.4
2014-05-08,54.0,21.0,126,102,3,0.4
2014-05-09,37.0,12.0,126,118,< 3,0.4
2014-05-10,56.0,18.0,129,113,< 3,0.4
2014-05-11,47.0,19.0,152,135,11,0.5
2014-05-12,36.0,17.0,115,104,3,0.4
2014-05-13,37.0,9.0,112,101,8,0.3
2014-05-14,33.0,7.0,98,92,3,0.3
2014-05-15,55.0,10.0,107,102,< 3,0.3
2014-05-16,69.0,11.0,117,109,< 3,0.4
2014-05-17,51.0,13.0,91,83,< 3,0.3
2014-05-18,52.0,11.0,125,116,< 3,0.3
2014-05-19,30.0,15.0,139,124,5,0.3
2014-05-20,27.0,19.0,121,95,< 3,0.3
2014-05-21,48.0,24.0,127,113,3,0.4
2014-05-22,70.0,24.0,132,118,5,0.4
2014-05-23,59.0,20.0,105,,7,0.4
2014-05-24,49.0,21.0,78,78,6,0.3
2014-05-25,61.0,21.0,119,114,< 3,0.3
2014-05-26,46.0,20.0,129,123,5,0.4
2014-05-27,56.0,20.0,94,82,< 3,0.4
2014-05-28,40.0,14.0,109,98,< 3,0.4
2014-05-29,44.0,26.0,99,85,< 3,0.4
2014-05-30,74.0,18.0,112,97,4,0.4
2014-05-31,53.0,23.0,117,105,< 3,0.4
2014-06-01,26.0,11.0,92,88,3,0.3
2014-06-02,29.0,13.0,110,101,4,0.3
2014-06-03,31.0,15.0,121,114,< 3,0.4
2014-06-04,48.0,20.0,126,108,3,0.5
2014-06-05,45.0,16.0,133,114,4,0.5
2014-06-06,51.0,23.0,121,111,< 3,0.4
2014-06-07,60.0,24.0,137,122,3,0.4
2014-06-08,53.0,25.0,164,149,< 3,0.4
2014-06-09,51.0,31.0,181,171,< 3,0.5
2014-06-10,62.0,26.0,129,118,5,0.5
2014-06-11,85.0,30.0,183,153,4,0.5
2014-06-12,71.0,35.0,214,190,3,0.5
2014-06-13,60.0,27.0,199,167,11,0.5
2014-06-14,43.0,14.0,167,145,< 3,0.4
2014-06-15,25.0,13.0,119,114,3,0.3
2014-06-16,42.0,13.0,92,88,< 3,0.3
2014-06-17,50.0,15.0,87,81,3,0.3
2014-06-18,35.0,15.0,116,108,< 3,0.2
2014-06-19,54.0,20.0,122,115,< 3,0.3
2014-06-20,74.0,19.0,135,116,< 3,0.4
2014-06-21,59.0,23.0,152,140,4,0.4
2014-06-22,35.0,15.0,112,119,3,0.3
2014-06-23,43.0,17.0,115,111,3,0.3
2014-06-24,38.0,25.0,104,98,3,0.4
2014-06-25,41.0,16.0,132,122,3,0.4
2014-06-26,40.0,11.0,92,96,< 3,0.4
2014-06-27,41.0,12.0,107,98,< 3,0.5
2014-06-28,65.0,15.0,127,111,< 3,0.5
2014-06-29,79.0,19.0,133,123,< 3,0.5
2014-06-30,20.0,13.0,115,107,5,0.4
2014-07-01,35.0,8.0,105,92,4,0.2
2014-07-02,37.0,11.0,94,90,< 3,0.4
2014-07-03,35.0,14.0,106,94,3,0.4
2014-07-04,80.0,17.0,111,107,< 3,0.3
2014-07-05,60.0,20.0,129,118,< 3,0.5
2014-07-06,55.0,23.0,164,145,< 3,0.5
2014-07-07,23.0,23.0,128,125,3,0.3
2014-07-08,55.0,23.0,130,108,< 3,0.4
2014-07-09,38.0,14.0,93,85,< 3,0.3
2014-07-10,28.0,8.0,95,82,3,0.3
2014-07-11,37.0,6.0,85,77,< 3,0.3
2014-07-12,55.0,12.0,115,99,< 3,0.4
2014-07-13,42.0,11.0,108,101,< 3,0.3
2014-07-14,25.0,10.0,113,107,< 3,0.4
2014-07-15,47.0,12.0,99,81,< 3,0.4
2014-07-16,57.0,14.0,117,106,< 3,0.4
2014-07-17,66.0,16.0,131,119,< 3,0.5
2014-07-18,76.0,15.0,146,132,< 3,0.6
2014-07-19,49.0,16.0,146,130,< 3,0.4
2014-07-20,45.0,21.0,157,145,< 3,0.5
2014-07-21,50.0,31.0,106,82,< 3,0.6
2014-07-22,64.0,19.0,86,73,3,0.5
2014-07-23,38.0,14.0,117,106,3,0.3
2014-07-24,42.0,16.0,113,106,< 3,0.4
2014-07-25,52.0,20.0,54,62,,0.5
2014-07-26,36.0,17.0,114,105,< 3,0.3
2014-07-27,40.0,13.0,98,81,< 3,0.4
2014-07-28,32.0,12.0,112,101,< 3,0.4
2014-07-29,69.0,16.0,117,111,< 3,0.5
2014-07-30,42.0,15.0,88,80,< 3,0.4
2014-07-31,31.0,11.0,88,81,< 3,0.4
2014-08-01,48.0,16.0,69,63,< 3,0.5
2014-08-02,53.0,19.0,106,97,< 3,0.7
2014-08-03,47.0,14.0,106,97,< 3,0.5
2014-08-04,34.0,20.0,102,87,< 3,0.6
2014-08-05,32.0,18.0,116,104,< 3,0.6
2014-08-06,68.0,18.0,106,87,< 3,0.7
2014-08-07,51.0,16.0,126,116,< 3,0.9
2014-08-08,49.0,18.0,129,116,< 3,0.5
2014-08-09,46.0,,135,121,< 3,0.4
2014-08-10,,,108,,,
2014-08-11,,,,,,
2014-08-12,,,87,,,
2014-08-13,20.0,19.0,104,92,6,0.3
2014-08-14,24.0,17.0,73,68,3,0.3
2014-08-15,24.0,12.0,93,78,< 3,0.3
2014-08-16,31.0,9.0,81,73,< 3,0.3
2014-08-17,39.0,9.0,65,52,< 3,0.4
2014-08-18,28.0,,98,91,< 3,0.4
2014-08-19,50.0,14.0,118,108,< 3,0.3
2014-08-20,34.0,17.0,71,61,< 3,0.3
2014-08-21,28.0,14.0,91,78,3,0.4
2014-08-22,33.0,10.0,96,80,< 3,0.4
2014-08-23,46.0,13.0,101,93,< 3,0.4
2014-08-24,40.0,12.0,76,66,< 3,0.4
2014-08-25,54.0,15.0,94,84,< 3,0.4
2014-08-26,39.0,13.0,91,83,3,0.4
2014-08-27,45.0,21.0,73,60,3,0.5
2014-08-28,48.0,21.0,106,82,< 3,0.5
2014-08-29,71.0,17.0,97,85,< 3,0.5
2014-08-30,72.0,22.0,114,102,< 3,0.6
2014-08-31,62.0,24.0,125,110,3,0.7
2014-09-01,21.0,18.0,118,106,4,0.5
2014-09-02,58.0,9.0,65,77,< 3,0.4
2014-09-03,,9.0,66,55,4,0.5
2014-09-04,57.0,12.0,80,61,< 3,0.5
2014-09-05,49.0,23.0,68,46,< 3,0.6
2014-09-06,78.0,29.0,89,74,< 3,0.5
2014-09-07,40.0,21.0,113,99,3,0.5
2014-09-08,62.0,20.0,99,90,3,0.5
2014-09-09,56.0,30.0,119,92,4,0.6
2014-09-10,63.0,31.0,119,95,6,0.5
2014-09-11,64.0,11.0,96,87,6,0.3
2014-09-12,57.0,9.0,85,72,3,0.4
2014-09-13,70.0,13.0,64,42,< 3,0.5
2014-09-14,,,104,87,,0.6
2014-09-15,,,,,,
2014-09-16,63.0,18.0,105,89,6,0.5
2014-09-17,64.0,18.0,94,86,4,0.6
2014-09-18,77.0,21.0,97,84,4,0.6
2014-09-19,60.0,26.0,79,73,4,0.6
2014-09-20,57.0,33.0,57,47,6,0.5
2014-09-21,42.0,36.0,55,48,< 3,0.5
2014-09-22,36.0,42.0,81,65,< 3,0.5
2014-09-23,44.0,23.0,82,74,5,0.4
2014-09-24,56.0,20.0,88,76,6,0.5
2014-09-25,53.0,22.0,85,73,6,0.5
2014-09-26,74.0,29.0,64,49,4,0.7
2014-09-27,52.0,22.0,99,79,< 3,0.4
2014-09-28,52.0,44.0,112,95,4,0.3
2014-09-29,57.0,38.0,116,97,< 3,0.5
2014-09-30,79.0,27.0,91,75,< 3,0.6
2014-10-01,68.0,32.0,98,76,7,0.8
2014-10-02,71.0,35.0,45,32,< 3,0.6
2014-10-03,94.0,19.0,70,55,< 3,0.5
2014-10-04,102.0,21.0,83,67,3,0.7
2014-10-05,91.0,23.0,82,73,4,0.7
2014-10-06,69.0,28.0,86,75,3,0.7
2014-10-07,81.0,37.0,68,56,5,0.9
2014-10-08,71.0,44.0,68,50,3,0.9
2014-10-09,87.0,34.0,63,51,3,0.5
2014-10-10,69.0,40.0,75,53,< 3,0.6
2014-10-11,52.0,44.0,73,57,3,0.6
2014-10-12,37.0,31.0,77,69,4,0.4
2014-10-13,46.0,28.0,80,65,3,0.4
2014-10-14,,,63,47,,0.4
2014-10-15,,,39,,,
2014-10-16,50.0,24.0,51,34,,0.5
2014-10-17,68.0,,21,12,5,0.7
2014-10-18,70.0,,65,44,< 3,0.7
2014-10-19,49.0,,52,42,< 3,0.8
2014-10-20,59.0,38.0,69,50,< 3,0.9
2014-10-21,48.0,46.0,33,24,< 3,0.6
2014-10-22,68.0,67.0,48,35,3,0.5
2014-10-23,75.0,16.0,60,55,4,0.5
2014-10-24,74.0,22.0,47,48,< 3,0.6
2014-10-25,121.0,22.0,51,36,< 3,0.6
2014-10-26,77.0,19.0,55,42,< 3,0.6
2014-10-27,73.0,20.0,66,58,< 3,0.5
2014-10-28,90.0,22.0,63,54,3,0.5
2014-10-29,110.0,36.0,59,48,3,1.8
2014-10-30,132.0,51.0,58,41,< 3,1.9
2014-10-31,132.0,66.0,64,41,4,2.2
2014-11-01,133.0,58.0,54,34,3,2.2
2014-11-02,93.0,68.0,44,34,< 3,2.4
2014-11-03,92.0,86.0,50,28,4,2.2
2014-11-04,107.0,101.0,38,20,4,2.3
2014-11-05,77.0,75.0,31,17,3,1.4
2014-11-06,72.0,28.0,56,47,< 3,0.8
2014-11-07,62.0,25.0,47,49,< 3,0.6
2014-11-08,58.0,26.0,22,19,< 3,0.6
2014-11-09,50.0,20.0,24,8,< 3,0.6
2014-11-10,50.0,22.0,44,40,< 3,0.5
2014-11-11,74.0,32.0,17,12,< 3,0.7
2014-11-12,75.0,39.0,39,24,< 3,0.6
2014-11-13,53.0,20.0,47,36,3,0.6
2014-11-14,82.0,21.0,45,40,< 3,1.4
2014-11-15,81.0,38.0,34,22,3,1.7
2014-11-16,76.0,39.0,64,51,4,1.9
2014-11-17,61.0,19.0,63,56,3,1.1
2014-11-18,66.0,15.0,58,29,< 3,1
2014-11-19,61.0,19.0,57,51,< 3,0.6
2014-11-20,85.0,40.0,29,19,< 3,2.1
2014-11-21,72.0,56.0,16,10,< 3,2.2
2014-11-22,105.0,62.0,20,10,3,2.1
2014-11-23,86.0,56.0,32,18,< 3,2.2
2014-11-24,69.0,79.0,28,15,< 3,2.3
2014-11-25,70.0,87.0,11,6,6,2.3
2014-11-26,82.0,71.0,17,8,9,2.5
2014-11-27,61.0,42.0,25,20,10,0.8
2014-11-28,51.0,41.0,18,12,8,0.8
2014-11-29,47.0,40.0,7,4,< 3,0.8
2014-11-30,53.0,39.0,12,7,4,1.4
2014-12-01,36.0,42.0,10,7,< 3,1.4
2014-12-02,46.0,25.0,23,14,3,0.7
2014-12-03,37.0,18.0,15,11,< 3,0.7
2014-12-04,35.0,16.0,21,10,,0.6
2014-12-05,47.0,14.0,30,26,,
2014-12-06,53.0,20.0,16,11,< 3,0.8
2014-12-07,40.0,16.0,24,18,< 3,0.8
2014-12-08,49.0,20.0,25,18,< 3,1.4
2014-12-09,61.0,41.0,23,13,6,1.5
2014-12-10,95.0,27.0,36,25,< 3,2
2014-12-11,95.0,45.0,32,15,3,2.1
2014-12-12,105.0,56.0,35,16,3,2.8
2014-12-13,122.0,76.0,15,9,4,3.1
2014-12-14,78.0,57.0,19,10,3,2
2014-12-15,53.0,62.0,20,10,< 3,1
2014-12-16,84.0,85.0,6,4,3,2
2014-12-17,67.0,44.0,28,19,3,1.4
2014-12-18,84.0,34.0,40,17,4,1.4
2014-12-19,53.0,44.0,16,8,< 3,1.6
2014-12-20,66.0,48.0,17,10,< 3,0.9
2014-12-21,63.0,65.0,18,9,3,2
2014-12-22,40.0,49.0,16,13,< 3,2.1
2014-12-23,49.0,52.0,23,19,< 3,0.7
2014-12-24,77.0,56.0,10,6,,1
2014-12-25,50.0,69.0,5,5,11,1
2014-12-26,47.0,72.0,15,9,< 3,1.4
2014-12-27,48.0,49.0,13,7,< 3,1.4
2014-12-28,43.0,29.0,45,34,5,0.7
2014-12-29,55.0,32.0,43,38,5,0.8
2014-12-30,89.0,45.0,43,23,3,1
2014-12-31,86.0,47.0,29,11,< 3,1.3
2015-01-01,64.0,40.0,37,29,< 3,1.3
2015-01-02,71.0,64.0,29,22,4,1.2
2015-01-03,87.0,,13,7,6,1.9
2015-01-04,100.0,,26,13,5,2.6
2015-01-05,58.0,,67,44,3,2.8
2015-01-06,100.0,,71,51,5,2
2015-01-07,90.0,81.0,50,37,4,2.2
2015-01-08,101.0,69.0,37,21,4,1.6
2015-01-09,109.0,84.0,10,5,4,1.6
2015-01-10,78.0,106.0,11,6,3,1.8
2015-01-11,89.0,115.0,14,8,3,2.5
2015-01-12,62.0,92.0,52,28,3,2.8
2015-01-13,125.0,41.0,58,46,3,1.7
2015-01-14,109.0,64.0,35,18,5,1.9
2015-01-15,101.0,97.0,7,6,4,2.3
2015-01-16,93.0,96.0,12,6,< 3,2
2015-01-17,,,11,,,
2015-01-18,,,,,,
2015-01-19,,,,,,
2015-01-20,,,6,,,
2015-01-21,68.0,53.0,4,4,< 3,1.9
2015-01-22,71.0,45.0,4,4,< 3,1
2015-01-23,67.0,24.0,22,14,< 3,1.1
2015-01-24,100.0,38.0,17,8,4,1.7
2015-01-25,75.0,47.0,24,15,< 3,1.8
2015-01-26,63.0,35.0,45,35,< 3,0.9
2015-01-27,113.0,41.0,67,44,5,1.3
2015-01-28,97.0,59.0,26,16,< 3,1.7
2015-01-29,129.0,67.0,52,30,4,1.9
2015-01-30,76.0,68.0,11,8,4,1.8
2015-01-31,75.0,25.0,51,28,4,0.9
2015-02-01,83.0,35.0,60,47,< 3,0.9
2015-02-02,89.0,43.0,66,37,< 3,1.6
2015-02-03,103.0,69.0,36,21,4,1.8
2015-02-04,77.0,49.0,45,26,3,1.6
2015-02-05,66.0,25.0,57,42,< 3,0.6
2015-02-06,29.0,9.0,73,64,< 3,0.6
2015-02-07,35.0,11.0,83,79,< 3,0.5
2015-02-08,102.0,38.0,70,66,< 3,1.8
2015-02-09,94.0,72.0,54,36,3,2.4
2015-02-10,139.0,37.0,75,63,< 3,1.3
2015-02-11,121.0,68.0,57,40,< 3,1.5
2015-02-12,123.0,100.0,35,22,7,1.9
2015-02-13,102.0,68.0,30,22,3,2
2015-02-14,77.0,49.0,27,20,< 3,1.4
2015-02-15,58.0,60.0,59,47,3,0.9
2015-02-16,43.0,30.0,88,74,3,0.7
2015-02-17,125.0,35.0,89,79,8,1.3
2015-02-18,93.0,40.0,87,76,7,1.2
2015-02-19,127.0,47.0,87,70,4,1.6
2015-02-20,130.0,87.0,76,52,4,1.9
2015-02-21,102.0,,62,34,4,1.5
2015-02-22,67.0,89.0,74,56,3,1.1
2015-02-23,76.0,22.0,88,82,3,0.9
2015-02-24,96.0,34.0,60,46,< 3,1.1
2015-02-25,65.0,33.0,46,35,< 3,0.9
2015-02-26,79.0,14.0,73,62,< 3,0.7
2015-02-27,96.0,33.0,59,48,8,0.9
2015-02-28,85.0,35.0,72,61,3,0.9
2015-03-01,97.0,47.0,86,74,4,1.4
2015-03-02,70.0,65.0,82,60,< 3,1.6
2015-03-03,76.0,72.0,46,35,3,0.8
2015-03-04,111.0,48.0,86,64,6,1
2015-03-05,78.0,32.0,71,52,4,1.2
2015-03-06,59.0,13.0,72,67,< 3,0.4
2015-03-07,105.0,24.0,74,69,< 3,1
2015-03-08,95.0,37.0,80,70,6,1.2
2015-03-09,78.0,32.0,98,90,4,0.8
2015-03-10,108.0,38.0,87,83,3,1.1
2015-03-11,93.0,61.0,88,71,7,1.5
2015-03-12,104.0,71.0,100,74,9,1
2015-03-13,86.0,37.0,86,76,4,0.8
2015-03-14,91.0,49.0,91,71,6,0.8
2015-03-15,82.0,60.0,100,81,4,1.2
2015-03-16,84.0,45.0,93,85,4,0.9
2015-03-17,50.0,37.0,95,81,5,0.6
2015-03-18,88.0,39.0,91,89,10,0.6
2015-03-19,104.0,50.0,101,86,5,1
2015-03-20,93.0,62.0,109,83,6,1.2
2015-03-21,88.0,48.0,97,83,5,0.8
2015-03-22,83.0,46.0,97,82,4,0.9
2015-03-23,88.0,39.0,97,87,3,0.6
2015-03-24,128.0,54.0,96,88,4,1
2015-03-25,84.0,54.0,109,96,5,1.3
2015-03-26,48.0,23.0,79,72,3,0.4
2015-03-27,75.0,19.0,76,73,< 3,0.5
2015-03-28,84.0,19.0,71,63,< 3,0.9
2015-03-29,85.0,26.0,95,85,6,1.1
2015-03-30,62.0,27.0,97,86,6,0.7
2015-03-31,83.0,37.0,92,80,4,0.6
2015-04-01,73.0,44.0,101,85,4,0.6
2015-04-02,65.0,18.0,99,92,< 3,0.4
2015-04-03,74.0,18.0,96,86,3,0.4
2015-04-04,67.0,18.0,92,88,3,0.4
2015-04-05,37.0,14.0,90,80,4,0.5
2015-04-06,20.0,13.0,94,90,< 3,0.3
2015-04-07,43.0,11.0,94,89,< 3,0.3
2015-04-08,76.0,15.0,92,87,< 3,0.5
2015-04-09,100.0,43.0,74,62,4,0.8
2015-04-10,89.0,39.0,107,95,4,0.8
2015-04-11,91.0,48.0,119,109,6,0.8
2015-04-12,62.0,41.0,119,103,5,0.6
2015-04-13,82.0,42.0,131,112,6,0.5
2015-04-14,111.0,41.0,139,125,4,0.6
2015-04-15,77.0,38.0,116,90,5,0.5
2015-04-16,67.0,33.0,122,109,8,0.5
2015-04-17,70.0,40.0,111,89,7,0.5
2015-04-18,77.0,27.0,97,76,< 3,0.5
2015-04-19,51.0,26.0,86,68,3,0.6
2015-04-20,64.0,16.0,97,91,3,0.4
2015-04-21,80.0,25.0,103,96,3,0.6
2015-04-22,115.0,39.0,131,119,3,0.7
2015-04-23,84.0,47.0,133,112,6,0.7
2015-04-24,73.0,29.0,113,102,3,0.4
2015-04-25,58.0,22.0,116,108,4,0.4
2015-04-26,56.0,32.0,112,104,5,0.4
2015-04-27,35.0,34.0,107,100,3,0.4
2015-04-28,57.0,29.0,64,66,< 3,0.4
2015-04-29,43.0,12.0,87,70,4,0.3
2015-04-30,80.0,13.0,80,66,3,0.5
2015-05-01,71.0,18.0,91,78,< 3,0.6
2015-05-02,32.0,26.0,67,57,3,0.4
2015-05-03,30.0,21.0,91,82,3,0.4
2015-05-04,38.0,23.0,91,86,< 3,0.4
2015-05-05,48.0,37.0,80,67,< 3,0.4
2015-05-06,60.0,33.0,95,85,7,0.4
2015-05-07,66.0,31.0,97,83,6,0.4
2015-05-08,57.0,25.0,115,103,4,0.4
2015-05-09,60.0,21.0,124,113,3,0.6
2015-05-10,60.0,15.0,132,117,3,0.6
2015-05-11,29.0,,123,118,< 3,0.3
2015-05-12,52.0,,110,105,5,0.4
2015-05-13,66.0,20.0,124,113,4,0.4
2015-05-14,60.0,24.0,111,103,8,0.3
2015-05-15,32.0,26.0,140,126,4,0.3
2015-05-16,35.0,16.0,97,109,< 3,0.4
2015-05-17,55.0,21.0,97,92,3,0.5
2015-05-18,57.0,21.0,110,104,< 3,0.6
2015-05-19,43.0,26.0,134,125,3,0.4
2015-05-20,,27.0,111,,,
2015-05-21,46.0,26.0,74,81,3,0.5
2015-05-22,,,79,70,,0.3
2015-05-23,,,48,,,
2015-05-24,40.0,9.0,65,59,5,0.4
2015-05-25,52.0,8.0,106,99,< 3,0.4
2015-05-26,51.0,14.0,132,115,< 3,0.4
2015-05-27,68.0,13.0,101,94,3,0.4
2015-05-28,58.0,10.0,100,92,< 3,0.4
2015-05-29,37.0,14.0,116,104,< 3,0.3
2015-05-30,75.0,18.0,123,115,< 3,0.4
2015-05-31,71.0,23.0,139,128,5,0.5
2015-06-01,51.0,17.0,135,126,3,0.3
2015-06-02,57.0,25.0,133,124,6,0.4
2015-06-03,27.0,25.0,123,118,< 3,0.4
2015-06-04,78.0,30.0,164,153,3,0.6
2015-06-05,78.0,30.0,149,136,3,0.7
2015-06-06,60.0,33.0,142,127,,0.5
2015-06-07,62.0,36.0,144,126,4,0.5
2015-06-08,45.0,32.0,137,117,4,0.5
2015-06-09,61.0,35.0,153,132,8,0.5
2015-06-10,55.0,36.0,143,127,4,0.6
2015-06-11,42.0,31.0,146,135,< 3,0.4
2015-06-12,53.0,37.0,154,141,6,0.4
2015-06-13,64.0,35.0,117,104,3,0.5
2015-06-14,34.0,24.0,117,108,3,0.3
2015-06-15,30.0,24.0,84,75,< 3,0.4
2015-06-16,31.0,16.0,106,94,< 3,0.4
2015-06-17,52.0,14.0,102,82,< 3,0.3
2015-06-18,39.0,14.0,99,93,< 3,0.3
2015-06-19,40.0,20.0,115,106,< 3,0.3
2015-06-20,73.0,,124,112,4,0.4
2015-06-21,47.0,11.0,90,83,4,0.4
2015-06-22,44.0,11.0,99,94,6,0.4
2015-06-23,58.0,15.0,103,97,6,0.3
2015-06-24,38.0,16.0,98,77,3,0.4
2015-06-25,52.0,8.0,92,87,< 3,0.3
2015-06-26,48.0,13.0,114,109,3,0.3
2015-06-27,50.0,18.0,136,128,< 3,0.4
2015-06-28,45.0,19.0,126,118,< 3,0.4
2015-06-29,26.0,14.0,133,129,< 3,0.3
2015-06-30,42.0,17.0,110,101,< 3,0.2
2015-07-01,50.0,21.0,146,139,3,0.4
2015-07-02,,25.0,89,,,
2015-07-03,60.0,24.0,140,128,4,
2015-07-04,60.0,14.0,192,146,4,0.4
2015-07-05,47.0,25.0,171,146,,0.4
2015-07-06,35.0,29.0,131,122,,0.5
2015-07-07,69.0,31.0,117,109,,0.4
2015-07-08,51.0,33.0,154,134,4,0.4
2015-07-09,36.0,26.0,112,100,5,0.4
2015-07-10,38.0,15.0,102,96,3,0.3
2015-07-11,37.0,14.0,110,105,3,0.3
2015-07-12,44.0,19.0,145,136,< 3,0.4
2015-07-13,43.0,23.0,161,154,4,0.4
2015-07-14,69.0,26.0,167,146,5,0.4
2015-07-15,40.0,25.0,175,146,< 3,0.4
2015-07-16,68.0,30.0,168,151,7,0.4
2015-07-17,49.0,27.0,134,124,4,0.4
2015-07-18,55.0,30.0,162,136,4,0.5
2015-07-19,42.0,34.0,166,151,< 3,0.5
2015-07-20,24.0,33.0,140,127,4,0.5
2015-07-21,40.0,35.0,170,151,3,0.5
2015-07-22,57.0,35.0,206,174,< 3,0.5
2015-07-23,58.0,39.0,219,191,3,0.5
2015-07-24,150.0,41.0,179,157,3,0.5
2015-07-25,39.0,23.0,174,160,< 3,0.5
2015-07-26,55.0,21.0,148,129,3,0.4
2015-07-27,32.0,13.0,104,95,< 3,0.3
2015-07-28,31.0,16.0,125,111,< 3,0.3
2015-07-29,29.0,20.0,123,114,< 3,0.3
2015-07-30,33.0,23.0,137,125,3,0.4
2015-07-31,24.0,17.0,81,78,,
2015-08-01,43.0,13.0,104,101,< 3,0.3
2015-08-02,40.0,18.0,128,113,< 3,0.4
2015-08-03,36.0,18.0,115,111,< 3,0.4
2015-08-04,68.0,19.0,139,124,< 3,0.4
2015-08-05,60.0,26.0,145,136,< 3,0.5
2015-08-06,75.0,35.0,134,124,< 3,0.5
2015-08-07,123.0,44.0,151,140,4,0.9
2015-08-08,104.0,49.0,163,144,4,0.9
2015-08-09,47.0,37.0,153,130,4,0.7
2015-08-10,68.0,35.0,169,149,7,0.5
2015-08-11,57.0,40.0,149,138,8,0.6
2015-08-12,88.0,45.0,143,133,3,0.7
2015-08-13,92.0,38.0,177,151,4,0.8
2015-08-14,56.0,36.0,167,151,3,0.5
2015-08-15,62.0,39.0,159,150,5,0.7
2015-08-16,15.0,25.0,130,123,< 3,0.4
2015-08-17,18.0,13.0,84,79,< 3,0.4
2015-08-18,37.0,10.0,103,89,< 3,0.4
2015-08-19,29.0,12.0,112,99,< 3,0.4
2015-08-20,39.0,10.0,93,87,< 3,0.4
2015-08-21,34.0,10.0,112,101,< 3,0.4
2015-08-22,29.0,14.0,94,84,< 3,0.3
2015-08-23,53.0,18.0,109,104,3,0.4
2015-08-24,63.0,22.0,109,100,5,0.6
2015-08-25,41.0,17.0,83,71,3,0.4
2015-08-26,29.0,,97,83,4,0.6
2015-08-27,56.0,14.0,105,93,< 3,0.6
2015-08-28,43.0,22.0,138,121,< 3,0.5
2015-08-29,60.0,24.0,150,115,< 3,0.5
2015-08-30,64.0,28.0,159,138,3,0.5
2015-08-31,51.0,22.0,137,132,< 3,0.5
2015-09-01,56.0,30.0,136,118,< 3,0.5
2015-09-02,68.0,36.0,139,117,3,0.5
2015-09-03,47.0,34.0,109,96,3,0.5
2015-09-04,72.0,25.0,119,106,< 3,0.4
2015-09-05,49.0,18.0,121,107,< 3,0.3
2015-09-06,28.0,13.0,106,87,< 3,0.3
2015-09-07,59.0,9.0,107,96,< 3,0.4
2015-09-08,71.0,12.0,85,77,3,0.4
2015-09-09,68.0,14.0,93,82,< 3,0.4
2015-09-10,66.0,18.0,89,82,3,0.5
2015-09-11,43.0,19.0,101,93,3,0.3
2015-09-12,66.0,26.0,107,90,< 3,0.4
2015-09-13,69.0,30.0,116,106,4,0.5
2015-09-14,39.0,26.0,103,94,4,0.4
2015-09-15,59.0,16.0,88,78,4,0.4
2015-09-16,98.0,25.0,104,86,3,0.6
2015-09-17,80.0,32.0,84,75,3,0.7
2015-09-18,56.0,30.0,78,55,3,0.5
2015-09-19,92.0,30.0,100,81,< 3,0.5
2015-09-20,92.0,26.0,87,69,8,0.6
2015-09-21,41.0,17.0,88,81,3,0.6
2015-09-22,65.0,14.0,96,88,4,0.3
2015-09-23,72.0,19.0,91,82,3,0.3
2015-09-24,62.0,16.0,64,54,4,0.4
2015-09-25,66.0,11.0,49,53,< 3,0.4
2015-09-26,56.0,20.0,49,36,3,0.5
2015-09-27,59.0,25.0,71,54,4,0.5
2015-09-28,41.0,18.0,77,64,< 3,0.4
2015-09-29,40.0,16.0,80,73,< 3,0.3
2015-09-30,53.0,17.0,73,67,3,0.3
2015-10-01,50.0,15.0,73,66,< 3,0.3
2015-10-02,37.0,16.0,64,58,3,0.3
2015-10-03,58.0,20.0,56,52,4,0.5
2015-10-04,64.0,24.0,68,49,< 3,0.6
2015-10-05,65.0,21.0,79,66,< 3,0.6
2015-10-06,70.0,18.0,82,58,< 3,0.5
2015-10-07,68.0,27.0,43,32,< 3,0.5
2015-10-08,71.0,29.0,55,34,< 3,0.5
2015-10-09,54.0,10.0,80,60,< 3,0.5
2015-10-10,85.0,15.0,52,38,< 3,0.5
2015-10-11,50.0,14.0,62,50,< 3,0.5
2015-10-12,59.0,12.0,70,55,< 3,0.4
2015-10-13,73.0,15.0,68,60,< 3,0.5
2015-10-14,40.0,11.0,41,37,< 3,0.4
2015-10-15,45.0,10.0,29,27,< 3,0.4
2015-10-16,72.0,14.0,63,43,< 3,0.5
2015-10-17,86.0,16.0,73,66,< 3,0.8
2015-10-18,63.0,19.0,72,57,< 3,0.8
2015-10-19,61.0,28.0,66,53,3,0.7
2015-10-20,63.0,22.0,68,54,< 3,0.5
2015-10-21,85.0,23.0,62,45,< 3,1.2
2015-10-22,106.0,25.0,67,52,< 3,1.3
2015-10-23,107.0,27.0,63,51,< 3,1.2
2015-10-24,105.0,40.0,57,42,< 3,1.8
2015-10-25,92.0,49.0,57,40,< 3,1.9
2015-10-26,68.0,74.0,52,33,7,1.9
2015-10-27,99.0,50.0,68,43,5,1.7
2015-10-28,89.0,52.0,55,37,3,2
2015-10-29,81.0,48.0,51,23,< 3,1.4
2015-10-30,,24.0,56,43,3,0.9
2015-10-31,90.0,26.0,40,,< 3,0.9
2015-11-01,79.0,28.0,84,65,4,0.6
2015-11-02,92.0,32.0,78,64,6,1.1
2015-11-03,136.0,57.0,53,38,7,1.9
2015-11-04,107.0,72.0,37,21,5,2
2015-11-05,91.0,90.0,9,7,5,2.3
2015-11-06,125.0,106.0,38,19,3,2.9
2015-11-07,108.0,106.0,25,,4,3.1
2015-11-08,99.0,85.0,48,26,3,2.3
2015-11-09,88.0,,54,31,3,2.2
2015-11-10,93.0,,10,6,3,2.5
2015-11-11,79.0,71.0,6,4,< 3,1.2
2015-11-12,103.0,64.0,4,4,3,1.4
2015-11-13,80.0,44.0,9,6,3,1.3
2015-11-14,65.0,34.0,10,6,< 3,0.8
2015-11-15,86.0,53.0,56,31,4,1.6
2015-11-16,60.0,66.0,47,31,< 3,1.5
2015-11-17,60.0,71.0,38,31,3,0.8
2015-11-18,60.0,67.0,24,15,< 3,0.7
2015-11-19,71.0,51.0,22,12,< 3,0.9
2015-11-20,53.0,57.0,10,6,< 3,0.9
2015-11-21,64.0,61.0,14,10,4,0.9
2015-11-22,44.0,28.0,53,46,5,0.8
2015-11-23,84.0,23.0,64,42,< 3,1.3
2015-11-24,75.0,26.0,38,27,< 3,1.5
2015-11-25,126.0,31.0,51,37,5,1.8
2015-11-26,86.0,44.0,15,9,3,1.8
2015-11-27,90.0,39.0,29,15,< 3,1
2015-11-28,106.0,40.0,41,23,3,1.1
2015-11-30,74.0,78.0,19,10,< 3,2
2015-12-01,130.0,93.0,8,5,4,2.7
2015-12-02,106.0,94.0,5,4,4,2.7
2015-12-03,122.0,111.0,8,5,6,2.7
2015-12-04,71.0,85.0,15,6,4,2.8
2015-12-05,75.0,75.0,5,< 4,< 3,1.7
2015-12-06,55.0,66.0,27,14,3,1.4
2015-12-07,53.0,52.0,7,6,< 3,1.2
2015-12-08,52.0,77.0,6,4,< 3,0.9
2015-12-09,47.0,52.0,7,5,3,1.2
2015-12-10,66.0,66.0,4,< 4,3,1.5
2015-12-11,92.0,58.0,7,4,4,2.1
2015-12-12,72.0,48.0,4,< 4,< 3,2.1
2015-12-13,94.0,68.0,5,< 4,4,2.5
2015-12-14,84.0,90.0,6,4,3,2.6
2015-12-15,123.0,84.0,5,4,4,3.1
2015-12-16,116.0,102.0,4,< 4,6,3.3
2015-12-17,114.0,106.0,7,4,3,2.7
2015-12-18,111.0,103.0,6,4,4,2.8
2015-12-19,120.0,123.0,4,< 4,5,3.2
2015-12-20,93.0,123.0,4,< 4,3,3.3
2015-12-21,60.0,85.0,8,,11,
2015-12-22,61.0,93.0,< 4,< 4,< 3,1.6
2015-12-23,81.0,78.0,< 4,< 4,< 3,1.8
2015-12-24,74.0,53.0,4,< 4,< 3,1.2
2015-12-25,54.0,57.0,9,5,3,1.4
2015-12-26,48.0,56.0,10,6,< 3,1.4
2015-12-27,46.0,38.0,7,5,< 3,0.7
2015-12-28,54.0,34.0,5,< 4,< 3,0.9
2015-12-29,63.0,35.0,4,< 4,< 3,1
2015-12-30,63.0,38.0,5,4,< 3,1.3
2015-12-31,74.0,37.0,35,22,< 3,1.3
2016-01-01,79.0,43.0,20,13,3,1.3
2016-01-02,78.0,106.0,24,14,3,1.8
2016-01-03,57.0,75.0,19,9,3,2
2016-01-04,66.0,31.0,33,27,5,1.2
2016-01-05,59.0,40.0,25,22,4,1.2
2016-01-06,58.0,40.0,5,< 4,3,1
2016-01-07,58.0,54.0,11,5,3,1.8
2016-01-08,64.0,71.0,6,< 4,< 3,1.9
2016-01-09,81.0,62.0,13,5,< 3,1.8
2016-01-10,65.0,50.0,< 4,< 4,3,1.9
2016-01-11,49.0,36.0,< 4,< 4,3,1.3
2016-01-12,62.0,32.0,8,4,3,0.8
2016-01-13,94.0,37.0,25,17,4,1.5
2016-01-14,78.0,41.0,20,13,< 3,1.7
2016-01-15,61.0,51.0,< 4,5,< 3,1.1
2016-01-16,108.0,49.0,19,10,3,1.8
2016-01-17,91.0,47.0,34,21,4,2.1
2016-01-18,61.0,38.0,51,32,< 3,2.1
2016-01-19,121.0,34.0,43,24,4,2.1
2016-01-20,111.0,60.0,32,17,4,2.5
2016-01-21,117.0,77.0,13,8,5,2.4
2016-01-22,110.0,76.0,30,16,4,2.5
2016-01-23,126.0,66.0,19,11,5,2.2
2016-01-24,103.0,100.0,14,8,4,2.7
2016-01-25,91.0,137.0,7,4,3,2.8
2016-01-26,167.0,162.0,5,4,7,3.1
2016-01-27,159.0,179.0,4,< 4,6,3.4
2016-01-28,154.0,,7,5,6,3.6
2016-01-29,103.0,,4,4,4,2.1
2016-01-30,137.0,164.0,5,< 4,6,2.3
2016-01-31,90.0,172.0,< 4,< 4,6,2.5
2016-02-01,67.0,150.0,8,4,4,1.7
2016-02-02,68.0,84.0,18,9,< 3,1.4
2016-02-03,76.0,107.0,< 4,< 4,4,1.2
2016-02-04,48.0,65.0,34,19,7,1
2016-02-05,84.0,20.0,57,44,4,1.1
2016-02-06,99.0,32.0,44,27,5,1.3
2016-02-07,78.0,47.0,49,34,4,1.4
2016-02-08,59.0,43.0,30,25,5,1.6
2016-02-09,60.0,22.0,41,31,< 3,0.8
2016-02-10,54.0,51.0,7,5,6,0.8
2016-02-11,77.0,15.0,52,43,6,0.7
2016-02-12,103.0,37.0,46,31,3,1.5
2016-02-13,83.0,23.0,59,38,< 3,1.6
2016-02-14,58.0,,52,48,< 3,0.7
2016-02-15,59.0,35.0,45,25,< 3,0.7
2016-02-16,59.0,24.0,44,27,< 3,0.7
2016-02-17,66.0,8.0,49,41,< 3,0.5
2016-02-18,58.0,17.0,51,48,< 3,0.8
2016-02-19,63.0,27.0,38,31,3,0.9
2016-02-20,80.0,27.0,57,38,< 3,1
2016-02-21,73.0,18.0,62,50,< 3,0.7
2016-02-22,78.0,49.0,50,43,3,1
2016-02-23,80.0,74.0,34,22,4,1.1
2016-02-24,72.0,63.0,40,34,3,0.9
2016-02-25,107.0,36.0,58,50,< 3,1
2016-02-26,71.0,25.0,43,38,3,0.8
2016-02-27,75.0,37.0,31,24,3,1
2016-02-28,41.0,20.0,48,43,< 3,0.6
2016-02-29,26.0,9.0,63,57,3,0.5
2016-03-01,50.0,14.0,66,63,4,0.6
2016-03-02,73.0,24.0,47,39,< 3,1.3
2016-03-03,88.0,28.0,57,43,5,1.3
2016-03-04,52.0,9.0,72,65,5,0.6
2016-03-05,81.0,24.0,56,48,< 3,1.2
2016-03-06,65.0,26.0,68,47,3,1.2
2016-03-07,51.0,29.0,33,29,3,0.9
2016-03-08,74.0,25.0,54,36,< 3,1
2016-03-09,58.0,20.0,73,57,< 3,0.7
2016-03-10,90.0,15.0,71,65,4,0.7
2016-03-11,110.0,23.0,71,63,3,1
2016-03-12,83.0,31.0,60,33,3,1.1
2016-03-13,50.0,24.0,64,55,< 3,0.7
2016-03-14,36.0,,60,51,4,0.4
2016-03-15,90.0,24.0,66,53,5,0.9
2016-03-16,76.0,39.0,56,47,7,1.1
2016-03-17,44.0,17.0,72,53,3,0.5
2016-03-18,100.0,33.0,64,60,4,1.3
2016-03-19,,,,,,
2016-03-20,,,,,,
2016-03-21,,33.0,,,,
2016-03-22,,,64,,,
2016-03-23,92.0,31.0,62,60,5,0.5
2016-03-24,79.0,25.0,62,57,3,0.6
2016-03-25,73.0,26.0,59,53,3,0.7
2016-03-26,75.0,24.0,65,58,3,0.4
2016-03-27,58.0,35.0,78,72,3,0.6
2016-03-28,48.0,38.0,87,79,3,0.9
2016-03-29,57.0,35.0,83,69,3,0.6
2016-03-30,66.0,41.0,53,40,< 3,0.7
2016-03-31,75.0,27.0,54,47,< 3,0.5
2016-04-01,44.0,35.0,67,59,< 3,0.4
2016-04-02,72.0,41.0,85,59,3,0.5
2016-04-03,74.0,42.0,55,41,4,0.8
2016-04-04,53.0,39.0,80,68,5,1
2016-04-05,63.0,39.0,69,,4,0.4
2016-04-06,76.0,51.0,54,43,4,0.6
2016-04-07,58.0,48.0,58,46,6,0.5
2016-04-08,74.0,35.0,91,84,4,0.4
2016-04-09,69.0,45.0,50,39,3,0.6
2016-04-10,38.0,12.0,51,44,3,1
2016-04-11,40.0,15.0,72,62,< 3,1.1
2016-04-12,85.0,21.0,94,75,< 3,0.6
2016-04-13,59.0,27.0,92,82,< 3,0.5
2016-04-14,54.0,25.0,89,77,4,0.4
2016-04-15,74.0,,83,76,< 3,0.4
2016-04-16,58.0,16.0,87,75,3,0.4
2016-04-17,52.0,22.0,106,96,3,0.4
2016-04-18,30.0,32.0,78,74,3,0.3
2016-04-19,64.0,31.0,79,71,3,0.3
2016-04-20,56.0,22.0,79,72,< 3,0.4
2016-04-21,68.0,20.0,92,82,< 3,0.4
2016-04-22,67.0,27.0,98,88,4,0.4
2016-04-23,78.0,33.0,105,95,4,0.4
2016-04-24,44.0,21.0,85,69,3,0.4
2016-04-25,38.0,18.0,72,61,4,0.4
2016-04-26,53.0,19.0,86,77,< 3,0.3
2016-04-27,57.0,19.0,53,47,3,0.4
2016-04-28,,,28,,,
2016-04-29,,,93,,,
2016-04-30,83.0,16.0,92,89,3,0.4
2016-05-01,65.0,21.0,104,96,3,0.6
2016-05-02,45.0,11.0,80,74,4,0.4
2016-05-03,67.0,11.0,65,51,4,0.6
2016-05-04,57.0,14.0,97,86,< 3,0.6
2016-05-05,65.0,12.0,101,88,< 3,0.4
2016-05-06,88.0,13.0,98,89,< 3,0.7
2016-05-07,78.0,22.0,111,98,4,0.7
2016-05-08,68.0,23.0,110,99,3,0.5
2016-05-09,58.0,20.0,110,105,6,0.5
2016-05-10,68.0,20.0,74,74,< 3,
2016-05-11,63.0,25.0,92,80,4,
2016-05-12,55.0,21.0,68,66,3,0.4
2016-05-13,35.0,9.0,89,65,4,0.4
2016-05-14,32.0,15.0,62,54,3,0.4
2016-05-15,31.0,13.0,90,81,< 3,0.4
2016-05-16,20.0,8.0,101,85,4,0.3
2016-05-17,35.0,11.0,82,73,< 3,0.4
2016-05-18,40.0,13.0,90,86,< 3,0.4
2016-05-19,54.0,15.0,102,98,5,0.4
2016-05-20,42.0,14.0,73,73,3,0.3
2016-05-21,56.0,12.0,98,84,< 3,0.4
2016-05-22,57.0,19.0,114,100,< 3,0.5
2016-05-23,40.0,21.0,135,119,< 3,0.6
2016-05-24,56.0,29.0,75,74,< 3,0.5
2016-05-25,39.0,9.0,76,72,< 3,0.4
2016-05-26,63.0,18.0,106,88,< 3,0.4
2016-05-27,47.0,26.0,110,96,4,0.4
2016-05-28,69.0,28.0,120,109,< 3,0.4
2016-05-29,55.0,24.0,122,109,3,0.4
2016-05-30,27.0,21.0,78,69,3,0.5
2016-05-31,47.0,13.0,82,75,< 3,0.3
2016-06-01,34.0,15.0,73,60,,
2016-06-02,63.0,,81,64,6,0.6
2016-06-03,36.0,19.0,82,64,6,0.4
2016-06-04,68.0,19.0,68,55,8,0.5
2016-06-05,56.0,17.0,68,57,9,0.5
2016-06-06,,15.0,87,73,10,0.4
2016-06-07,,15.0,86,74,,0.5
2016-06-08,,,100,89,< 3,0.6
2016-06-09,57.0,24.0,85,64,4,0.5
2016-06-10,51.0,15.0,89,78,4,0.5
2016-06-11,36.0,18.0,83,77,4,0.3
2016-06-12,33.0,15.0,89,73,6,0.3
2016-06-13,20.0,8.0,80,68,3,0.4
2016-06-14,37.0,11.0,86,72,3,0.4
2016-06-15,59.0,9.0,86,50,4,0.4
2016-06-16,38.0,11.0,86,76,4,0.4
2016-06-17,37.0,26.0,80,70,3,0.4
2016-06-18,29.0,14.0,82,78,3,0.3
2016-06-19,28.0,12.0,89,81,< 3,0.3
2016-06-20,31.0,9.0,88,69,< 3,0.3
2016-06-21,39.0,10.0,87,76,< 3,0.4
2016-06-22,43.0,14.0,102,89,< 3,0.4
2016-06-23,60.0,22.0,141,125,4,0.6
2016-06-24,57.0,35.0,128,113,3,0.6
2016-06-25,51.0,37.0,140,127,5,0.6
2016-06-26,48.0,35.0,123,111,6,0.6
2016-06-27,29.0,22.0,120,107,5,0.3
2016-06-28,35.0,13.0,98,82,5,0.4
2016-06-29,44.0,12.0,99,82,5,0.4
2016-06-30,58.0,12.0,100,88,< 3,0.5
2016-07-01,65.0,,132,100,3,0.5
2016-07-02,34.0,16.0,127,115,3,0.5
2016-07-03,39.0,19.0,117,97,3,0.4
2016-07-04,30.0,16.0,106,89,5,0.4
2016-07-05,45.0,15.0,98,79,< 3,0.4
2016-07-06,52.0,16.0,128,114,< 3,0.5
2016-07-07,40.0,17.0,121,113,< 3,0.4
2016-07-08,35.0,15.0,97,91,,0.3
2016-07-09,50.0,19.0,101,90,< 3,0.4
2016-07-10,34.0,31.0,122,108,< 3,0.4
2016-07-11,46.0,28.0,143,128,< 3,0.5
2016-07-12,54.0,27.0,146,122,< 3,0.5
2016-07-13,35.0,25.0,132,121,3,0.4
2016-07-14,37.0,23.0,111,97,4,0.4
2016-07-15,28.0,11.0,89,85,< 3,0.3
2016-07-16,38.0,16.0,82,74,3,0.3
2016-07-17,48.0,14.0,101,86,< 3,0.3
2016-07-18,37.0,17.0,131,119,< 3,0.3
2016-07-19,39.0,23.0,152,129,< 3,0.4
2016-07-20,46.0,22.0,148,131,< 3,0.4
2016-07-21,52.0,21.0,111,101,3,0.5
2016-07-22,49.0,19.0,100,81,4,0.4
2016-07-23,50.0,22.0,115,101,4,0.4
2016-07-24,37.0,22.0,100,82,4,0.3
2016-07-25,39.0,31.0,108,99,4,0.4
2016-07-26,51.0,27.0,138,119,5,0.4
2016-07-27,53.0,24.0,137,120,5,0.3
2016-07-28,57.0,21.0,125,114,6,0.4
2016-07-29,52.0,12.0,116,94,5,0.4
2016-07-30,52.0,16.0,127,113,8,0.4
2016-07-31,46.0,18.0,132,124,3,0.5
2016-08-01,37.0,12.0,118,109,< 3,0.4
2016-08-02,27.0,11.0,97,81,< 3,0.4
2016-08-03,41.0,14.0,92,77,< 3,0.4
2016-08-04,55.0,21.0,145,120,3,0.5
2016-08-05,58.0,25.0,169,148,4,0.6
2016-08-06,38.0,15.0,83,72,5,0.4
2016-08-07,56.0,13.0,81,75,3,0.3
2016-08-08,61.0,14.0,118,104,3,0.5
2016-08-09,61.0,23.0,113,105,3,0.7
2016-08-10,47.0,22.0,138,108,4,0.8
2016-08-11,33.0,14.0,76,69,3,0.5
2016-08-12,55.0,9.0,85,79,< 3,0.4
2016-08-13,32.0,12.0,95,83,< 3,0.4
2016-08-14,37.0,18.0,119,106,< 3,0.3
2016-08-15,35.0,16.0,123,108,3,0.4
2016-08-16,36.0,15.0,110,94,3,0.3
2016-08-17,30.0,14.0,110,100,5,0.3
2016-08-18,31.0,17.0,120,111,5,0.4
2016-08-19,25.0,15.0,106,95,5,0.3
2016-08-20,24.0,14.0,94,82,4,0.3
2016-08-21,25.0,19.0,90,77,5,0.4
2016-08-22,21.0,15.0,91,83,4,0.4
2016-08-23,52.0,5.0,83,72,3,0.5
2016-08-24,67.0,14.0,89,78,3,0.5
2016-08-25,66.0,17.0,96,88,4,0.6
2016-08-26,64.0,19.0,110,101,4,0.5
2016-08-27,70.0,21.0,118,109,4,0.5
2016-08-28,52.0,28.0,125,114,4,0.6
2016-08-29,36.0,30.0,133,121,4,0.6
2016-08-30,57.0,,138,112,5,0.6
2016-08-31,69.0,,110,92,4,0.7
2016-09-01,68.0,25.0,125,106,4,0.7
2016-09-02,81.0,31.0,150,121,5,0.6
2016-09-03,56.0,25.0,113,97,5,0.6
2016-09-04,50.0,27.0,133,108,5,0.6
2016-09-05,50.0,23.0,129,116,5,0.6
2016-09-06,47.0,14.0,89,84,5,0.3
2016-09-07,45.0,17.0,81,62,6,0.4
2016-09-08,45.0,22.0,105,88,6,0.4
2016-09-09,78.0,30.0,115,104,3,0.5
2016-09-10,91.0,32.0,120,103,3,0.6
2016-09-11,72.0,31.0,129,113,3,0.6
2016-09-12,62.0,38.0,112,97,3,0.6
2016-09-13,82.0,46.0,124,105,3,0.7
2016-09-14,75.0,48.0,115,88,3,0.7
2016-09-15,60.0,42.0,129,94,3,0.7
2016-09-16,52.0,34.0,61,50,3,0.4
2016-09-17,49.0,24.0,43,22,3,0.5
2016-09-18,72.0,13.0,76,57,4,0.5
2016-09-19,41.0,9.0,79,66,4,0.5
2016-09-20,48.0,17.0,78,61,4,0.5
2016-09-21,44.0,15.0,97,68,4,0.4
2016-09-22,59.0,18.0,55,41,3,0.5
2016-09-23,62.0,16.0,71,59,< 3,0.5
2016-09-24,64.0,19.0,80,67,3,0.6
2016-09-25,57.0,23.0,96,83,< 3,0.6
2016-09-26,49.0,24.0,96,82,3,0.6
2016-09-27,79.0,23.0,90,71,4,0.6
2016-09-28,72.0,29.0,85,63,3,0.7
2016-09-29,57.0,31.0,88,65,3,0.6
2016-09-30,57.0,37.0,108,82,4,0.6
2016-10-01,93.0,42.0,95,75,4,0.7
2016-10-02,51.0,42.0,82,64,4,0.8
2016-10-03,46.0,24.0,55,50,5,0.5
2016-10-04,65.0,15.0,71,61,5,0.5
2016-10-05,79.0,18.0,70,54,4,0.6
2016-10-06,47.0,18.0,35,22,4,0.7
2016-10-07,57.0,14.0,56,47,5,0.5
2016-10-08,74.0,19.0,72,51,5,0.7
2016-10-09,32.0,17.0,30,21,4,0.7
2016-10-10,56.0,14.0,62,54,5,0.4
2016-10-11,46.0,13.0,69,62,4,0.4
2016-10-12,60.0,19.0,41,30,5,0.5
2016-10-13,64.0,35.0,41,27,6,0.9
2016-10-14,69.0,37.0,45,24,3,1
2016-10-15,44.0,14.0,48,40,3,0.6
2016-10-16,32.0,21.0,52,39,3,0.6
2016-10-17,38.0,36.0,30,21,3,1.1
2016-10-18,53.0,52.0,5,4,3,1.3
2016-10-19,56.0,36.0,44,27,3,1
2016-10-20,51.0,29.0,18,12,4,1
2016-10-21,48.0,11.0,29,25,4,0.5
2016-10-22,62.0,20.0,41,33,5,1
2016-10-23,55.0,24.0,54,34,4,1
2016-10-24,61.0,27.0,58,45,4,1.1
2016-10-25,59.0,23.0,25,19,3,0.6
2016-10-26,43.0,49.0,5,4,3,0.6
2016-10-27,,25.0,21,8,4,
2016-10-28,75.0,21.0,51,41,5,1
2016-10-29,59.0,35.0,41,28,< 3,1.1
2016-10-30,51.0,57.0,31,19,4,1.6
2016-10-31,59.0,41.0,53,37,4,1.7
2016-11-01,55.0,40.0,20,13,4,1.6
2016-11-02,46.0,66.0,33,17,4,1.5
2016-11-03,47.0,76.0,19,12,6,1.6
2016-11-04,66.0,37.0,52,35,6,1.8
2016-11-05,73.0,28.0,31,21,6,1.1
2016-11-06,51.0,30.0,20,15,7,1.1
2016-11-07,37.0,24.0,21,7,8,0.9
2016-11-08,63.0,32.0,41,18,8,0.9
2016-11-09,74.0,20.0,35,26,9,0.9
2016-11-10,56.0,19.0,41,24,8,0.7
2016-11-11,77.0,47.0,18,14,8,1
2016-11-12,53.0,39.0,20,6,8,1
2016-11-13,59.0,43.0,41,31,8,1.5
2016-11-14,45.0,43.0,40,,,
2016-11-15,83.0,32.0,40,34,4,0.8
2016-11-16,85.0,,34,24,6,1.6
2016-11-17,86.0,,9,5,7,1.7
2016-11-18,76.0,,13,7,4,1.6
2016-11-19,68.0,78.0,10,4,4,1.1
2016-11-20,50.0,47.0,< 4,< 4,5,1.4
2016-11-21,41.0,44.0,20,11,3,1.3
2016-11-22,45.0,43.0,6,4,< 3,0.8
2016-11-23,65.0,41.0,32,18,< 3,0.8
2016-11-24,59.0,40.0,41,25,< 3,0.8
2016-11-25,52.0,43.0,17,9,< 3,0.7
2016-11-26,49.0,28.0,21,17,< 3,0.6
2016-11-27,40.0,22.0,49,26,< 3,0.9
2016-11-28,37.0,44.0,11,8,< 3,1.1
2016-11-29,37.0,25.0,53,45,< 3,1.1
2016-11-30,85.0,28.0,53,51,< 3,2
2016-12-01,91.0,62.0,19,10,,2.5
2016-12-02,79.0,79.0,5,< 4,5,2.5
2016-12-03,76.0,93.0,14,6,7,2.7
2016-12-04,60.0,35.0,26,24,6,1.1
2016-12-05,66.0,35.0,37,24,< 3,1.1
2016-12-06,85.0,62.0,11,7,5,1.8
2016-12-07,70.0,77.0,5,4,3,1.8
2016-12-08,88.0,56.0,19,8,4,2
2016-12-09,49.0,51.0,4,4,< 3,2
2016-12-10,68.0,60.0,< 4,< 4,3,1.4
2016-12-11,63.0,53.0,< 4,< 4,3,1.5
2016-12-12,53.0,83.0,4,< 4,4,1.2
2016-12-13,64.0,62.0,34,11,3,1.3
2016-12-14,67.0,54.0,4,< 4,< 3,1.2
2016-12-15,57.0,44.0,4,< 4,< 3,1
2016-12-16,63.0,50.0,5,< 4,< 3,1
2016-12-17,76.0,47.0,31,14,< 3,0.9
2016-12-18,55.0,62.0,10,5,< 3,1.3
2016-12-19,59.0,58.0,5,< 4,3,1.4
2016-12-20,77.0,57.0,41,19,< 3,1.4
2016-12-21,68.0,32.0,30,24,< 3,0.7
2016-12-22,99.0,41.0,39,28,5,2.3
2016-12-23,105.0,79.0,10,6,5,3.3
2016-12-24,96.0,96.0,4,< 4,6,3.4
2016-12-25,77.0,95.0,6,< 4,4,3.5
2016-12-26,66.0,85.0,18,9,5,3.5
2016-12-27,72.0,97.0,16,9,< 3,2.7
2016-12-28,97.0,93.0,13,7,3,2.7
2016-12-29,89.0,96.0,6,4,5,2.3
2016-12-30,87.0,58.0,18,8,3,2.3
2016-12-31,83.0,73.0,19,12,4,
2017-01-01,59.0,100.0,6,4,10,
2017-01-02,65.0,139.0,12,6,3,
2017-01-03,74.0,101.0,15,8,5,
2017-01-04,78.0,64.0,41,30,3,2.1
2017-01-05,70.0,80.0,7,4,3,2.1
2017-01-06,57.0,34.0,70,58,< 3,1.2
2017-01-07,84.0,49.0,55,38,< 3,1.5
2017-01-08,85.0,86.0,49,28,< 3,1.9
2017-01-09,97.0,60.0,47,35,< 3,1.5
2017-01-10,103.0,90.0,18,10,4,1.6
2017-01-11,63.0,37.0,40,30,3,1.7
2017-01-12,73.0,55.0,46,41,4,1.3
2017-01-13,75.0,80.0,7,5,3,1.3
2017-01-14,60.0,40.0,21,8,4,0.8
2017-01-15,67.0,55.0,39,25,< 3,1.7
2017-01-16,73.0,43.0,56,42,< 3,1.7
2017-01-17,66.0,19.0,59,47,3,0.9
2017-01-18,54.0,18.0,63,55,< 3,0.4
2017-01-19,67.0,17.0,63,57,3,0.4
2017-01-20,69.0,24.0,69,62,4,0.6
2017-01-21,94.0,40.0,63,48,3,1.4
2017-01-22,97.0,61.0,49,29,5,2.4
2017-01-23,90.0,55.0,67,39,3,2.5
2017-01-24,104.0,50.0,30,16,5,
2017-01-25,111.0,60.0,45,25,4,
2017-01-26,112.0,56.0,56,42,4,
2017-01-27,102.0,47.0,57,42,5,1.4
2017-01-28,124.0,72.0,45,26,7,1.9
2017-01-29,105.0,91.0,52,27,7,2.5
2017-01-30,104.0,136.0,33,17,5,2.2
2017-01-31,92.0,176.0,8,5,4,2.4
2017-02-01,77.0,159.0,5,< 4,8,1.5
2017-02-02,70.0,100.0,< 4,< 4,9,1.6
2017-02-03,73.0,86.0,< 4,< 4,8,1.8
2017-02-04,57.0,55.0,< 4,< 4,4,1.6
2017-02-05,49.0,33.0,25,10,4,1
2017-02-06,42.0,26.0,64,54,6,0.7
2017-02-07,67.0,14.0,61,58,7,1
2017-02-08,62.0,31.0,39,19,5,1
2017-02-09,85.0,30.0,54,37,8,1.1
2017-02-10,60.0,27.0,50,39,7,0.8
2017-02-11,73.0,32.0,30,25,10,0.9
2017-02-12,57.0,41.0,35,27,< 3,1
2017-02-13,64.0,75.0,27,21,3,1.5
2017-02-14,66.0,49.0,33,23,3,1.6
2017-02-15,101.0,53.0,50,35,5,1.9
2017-02-16,95.0,89.0,23,14,6,2.4
2017-02-17,106.0,97.0,24,11,8,2.7
2017-02-18,76.0,77.0,13,8,8,2.3
2017-02-19,88.0,67.0,69,55,3,1.4
2017-02-20,70.0,70.0,64,46,3,1.6
2017-02-21,83.0,72.0,61,42,3,1.3
2017-02-22,57.0,95.0,9,6,5,1.6
2017-02-23,73.0,84.0,36,22,6,0.8
2017-02-24,60.0,95.0,22,20,6,0.7
2017-02-25,53.0,92.0,65,21,9,0.8
2017-02-26,82.0,22.0,72,61,< 3,1
2017-02-27,67.0,40.0,68,57,4,1.2
2017-02-28,78.0,52.0,68,45,7,1.2
2017-03-01,67.0,44.0,41,30,8,0.7
2017-03-02,72.0,27.0,76,68,4,0.8
2017-03-03,84.0,31.0,63,55,3,0.9
2017-03-04,66.0,45.0,70,58,9,1.1
2017-03-05,59.0,38.0,63,54,4,0.8
2017-03-06,59.0,19.0,62,53,3,0.8
2017-03-07,56.0,28.0,54,41,9,0.5
2017-03-08,81.0,22.0,66,56,9,0.6
2017-03-09,92.0,27.0,61,53,4,0.9
2017-03-10,105.0,58.0,48,36,5,1.5
2017-03-11,66.0,41.0,74,55,7,
2017-03-12,79.0,28.0,75,71,7,0.8
2017-03-13,69.0,40.0,91,77,4,1.1
2017-03-14,95.0,49.0,77,61,7,1
2017-03-15,99.0,65.0,74,56,8,1
2017-03-16,69.0,67.0,86,63,9,1
2017-03-17,74.0,68.0,91,71,6,1
2017-03-18,86.0,76.0,91,76,7,1
2017-03-19,85.0,95.0,70,57,5,0.8
2017-03-20,66.0,82.0,96,78,< 3,1
2017-03-21,76.0,47.0,72,58,5,0.9
2017-03-22,55.0,62.0,72,56,8,0.9
2017-03-23,59.0,48.0,62,51,6,0.7
2017-03-24,71.0,48.0,68,59,3,0.4
2017-03-25,67.0,44.0,64,54,6,0.6
2017-03-26,57.0,48.0,95,78,4,0.8
2017-03-27,51.0,29.0,83,74,4,0.7
2017-03-28,90.0,22.0,83,72,< 3,0.6
2017-03-29,96.0,32.0,80,69,3,0.7
2017-03-30,91.0,33.0,83,69,3,0.8
2017-03-31,88.0,41.0,85,68,4,0.7
2017-04-01,86.0,41.0,99,89,3,0.6
2017-04-02,51.0,37.0,119,100,3,0.4
2017-04-03,30.0,34.0,112,107,3,0.4
2017-04-04,98.0,34.0,96,86,4,0.6
2017-04-05,94.0,,109,96,5,0.5
2017-04-06,66.0,17.0,83,74,< 3,0.4
2017-04-07,49.0,30.0,89,75,< 3,0.4
2017-04-08,62.0,16.0,81,77,4,0.4
2017-04-09,50.0,30.0,95,84,9,0.5
2017-04-10,52.0,29.0,109,92,3,0.4
2017-04-11,74.0,23.0,88,73,5,0.5
2017-04-12,54.0,,88,,5,
2017-04-13,,,,89,,
2017-04-14,67.0,31.0,106,88,3,0.4
2017-04-15,54.0,29.0,103,92,< 3,0.4
2017-04-16,35.0,28.0,97,83,< 3,0.4
2017-04-17,28.0,18.0,92,88,< 3,0.3
2017-04-18,35.0,10.0,89,83,< 3,0.3
2017-04-19,47.0,14.0,80,70,< 3,0.3
2017-04-20,66.0,12.0,92,77,< 3,0.4
2017-04-21,78.0,15.0,88,80,5,0.5
2017-04-22,49.0,19.0,96,88,7,0.4
2017-04-23,55.0,22.0,120,113,6,0.4
2017-04-24,38.0,25.0,134,121,4,0.4
2017-04-25,46.0,24.0,97,93,3,0.3
2017-04-26,34.0,30.0,100,89,3,0.3
2017-04-27,64.0,35.0,41,63,4,0.4
2017-04-28,55.0,33.0,37,26,4,0.5
2017-04-29,54.0,13.0,85,79,< 3,0.4
2017-04-30,52.0,17.0,96,91,< 3,0.4
2017-05-01,61.0,21.0,105,99,3,0.5
2017-05-02,48.0,,119,99,< 3,0.5
2017-05-03,38.0,18.0,99,81,3,0.4
2017-05-04,53.0,26.0,65,59,5,0.4
2017-05-05,43.0,17.0,68,57,4,0.5
2017-05-06,59.0,19.0,83,72,4,0.4
2017-05-07,44.0,23.0,91,76,4,0.4
2017-05-08,26.0,16.0,62,68,5,0.4
2017-05-09,51.0,24.0,46,34,5,0.5
2017-05-10,47.0,12.0,74,57,5,0.4
2017-05-11,34.0,11.0,72,58,5,0.4
2017-05-12,47.0,26.0,76,69,< 3,0.4
2017-05-13,37.0,28.0,88,82,< 3,0.4
2017-05-14,28.0,19.0,83,77,5,0.3
2017-05-15,28.0,21.0,94,85,3,0.3
2017-05-16,59.0,13.0,76,,< 3,
2017-05-17,60.0,16.0,83,75,< 3,0.4
2017-05-18,45.0,20.0,101,93,3,0.4
2017-05-19,47.0,22.0,116,98,3,0.4
2017-05-20,50.0,21.0,94,85,3,0.5
2017-05-21,34.0,14.0,64,50,< 3,0.5
2017-05-22,48.0,12.0,100,85,< 3,0.4
2017-05-23,54.0,19.0,105,93,< 3,0.4
2017-05-24,58.0,,121,,< 3,
2017-05-25,42.0,,121,,< 3,
2017-05-26,37.0,15.0,85,85,< 3,
2017-05-27,56.0,18.0,96,84,< 3,0.3
2017-05-28,47.0,27.0,107,99,< 3,0.4
2017-05-29,49.0,27.0,115,104,3,0.6
2017-05-30,45.0,25.0,105,95,< 3,0.4
2017-05-31,56.0,30.0,107,100,4,0.4
2017-06-01,36.0,30.0,112,101,< 3,0.4
2017-06-02,37.0,28.0,125,106,< 3,0.4
2017-06-03,63.0,27.0,129,108,< 3,0.4
2017-06-04,39.0,26.0,126,106,< 3,0.4
2017-06-05,29.0,22.0,123,107,< 3,0.3
2017-06-06,27.0,14.0,102,90,< 3,0.3
2017-06-07,43.0,17.0,85,78,< 3,0.3
2017-06-08,37.0,14.0,87,79,< 3,0.3
2017-06-09,45.0,13.0,82,76,3,0.3
2017-06-10,60.0,20.0,118,104,3,0.4
2017-06-11,53.0,28.0,148,127,< 3,0.4
2017-06-12,49.0,22.0,136,119,< 3,0.5
2017-06-13,57.0,26.0,118,107,< 3,0.4
2017-06-14,50.0,24.0,115,106,< 3,0.3
2017-06-15,49.0,26.0,123,102,< 3,0.4
2017-06-16,35.0,31.0,143,122,< 3,0.4
2017-06-17,36.0,33.0,116,101,< 3,0.3
2017-06-18,30.0,19.0,108,102,< 3,0.3
2017-06-19,34.0,19.0,106,98,< 3,0.4
2017-06-20,48.0,26.0,132,119,< 3,0.3
2017-06-21,38.0,26.0,162,147,< 3,0.3
2017-06-22,56.0,25.0,136,124,< 3,0.3
2017-06-23,49.0,31.0,177,138,< 3,0.3
2017-06-24,37.0,31.0,167,153,7,0.3
2017-06-25,22.0,29.0,125,118,< 3,0.3
2017-06-26,36.0,20.0,81,85,< 3,0.4
2017-06-27,37.0,17.0,116,100,< 3,0.4
2017-06-28,52.0,18.0,106,92,< 3,0.3
2017-06-29,39.0,21.0,89,73,< 3,0.3
2017-06-30,32.0,14.0,94,87,< 3,0.3
2017-07-01,37.0,15.0,74,66,< 3,0.3
2017-07-02,31.0,17.0,95,81,< 3,0.3
2017-07-03,41.0,13.0,88,84,< 3,0.4
2017-07-04,47.0,15.0,101,89,< 3,0.4
2017-07-05,35.0,17.0,96,88,< 3,0.3
2017-07-06,54.0,20.0,117,104,3,0.4
2017-07-07,58.0,26.0,155,126,4,0.4
2017-07-08,49.0,27.0,172,143,< 3,0.4
2017-07-09,30.0,26.0,181,162,< 3,0.4
2017-07-10,25.0,16.0,129,114,4,0.3
2017-07-11,42.0,31.0,133,121,3,0.3
2017-07-12,33.0,21.0,123,109,< 3,0.3
2017-07-13,29.0,20.0,117,111,< 3,0.3
2017-07-14,35.0,23.0,123,107,< 3,0.3
2017-07-15,28.0,13.0,97,93,< 3,
2017-07-16,31.0,12.0,98,90,< 3,0.3
2017-07-17,56.0,12.0,100,89,< 3,0.3
2017-07-18,42.0,21.0,116,103,< 3,0.3
2017-07-19,54.0,22.0,159,134,3,0.4
2017-07-20,60.0,25.0,154,117,3,0.4
2017-07-21,47.0,30.0,131,116,< 3,0.4
2017-07-22,43.0,35.0,152,141,< 3,0.5
2017-07-23,37.0,31.0,147,134,< 3,0.4
2017-07-24,26.0,29.0,138,124,< 3,0.4
2017-07-25,39.0,17.0,112,87,< 3,0.4
2017-07-26,38.0,14.0,93,78,< 3,0.3
2017-07-27,46.0,16.0,96,75,< 3,0.4
2017-07-28,49.0,17.0,121,104,< 3,0.4
2017-07-29,44.0,22.0,121,110,< 3,
2017-07-30,38.0,21.0,141,128,6,0.3
2017-07-31,22.0,12.0,120,105,< 3,0.4
2017-08-01,45.0,21.0,132,101,< 3,0.4
2017-08-02,50.0,27.0,167,146,< 3,0.4
2017-08-03,54.0,30.0,157,146,< 3,0.5
2017-08-04,49.0,33.0,176,145,< 3,0.5
2017-08-05,60.0,39.0,188,154,< 3,0.6
2017-08-06,49.0,43.0,159,130,< 3,0.5
2017-08-07,57.0,27.0,141,114,< 3,0.7
2017-08-08,43.0,18.0,112,99,< 3,0.4
2017-08-09,33.0,17.0,116,107,< 3,0.4
2017-08-10,34.0,24.0,100,91,< 3,0.4
2017-08-11,41.0,29.0,64,55,< 3,0.4
2017-08-12,30.0,17.0,96,91,< 3,0.3
2017-08-13,30.0,16.0,104,95,< 3,0.3
2017-08-14,38.0,15.0,108,101,< 3,0.3
2017-08-15,37.0,15.0,106,93,< 3,0.3
2017-08-16,38.0,15.0,112,99,< 3,0.3
2017-08-17,45.0,23.0,121,110,3,0.4
2017-08-18,47.0,22.0,138,121,< 3,0.4
2017-08-19,54.0,25.0,140,126,< 3,0.5
2017-08-20,38.0,29.0,117,99,< 3,0.5
2017-08-21,32.0,9.0,98,88,< 3,0.3
2017-08-22,49.0,12.0,91,79,< 3,0.4
2017-08-23,38.0,17.0,90,81,3,0.4
2017-08-24,50.0,21.0,109,97,< 3,0.4
2017-08-25,53.0,24.0,129,112,< 3,0.5
2017-08-26,44.0,24.0,142,129,< 3,0.5
2017-08-27,44.0,27.0,150,119,< 3,0.5
2017-08-28,29.0,24.0,152,133,< 3,0.5
2017-08-29,45.0,25.0,97,78,< 3,0.5
2017-08-30,44.0,20.0,105,91,4,0.4
2017-08-31,55.0,27.0,127,106,< 3,0.5
2017-09-01,47.0,26.0,104,93,< 3,0.5
2017-09-02,34.0,19.0,78,69,< 3,0.4
2017-09-03,25.0,10.0,77,68,< 3,0.3
2017-09-04,22.0,6.0,73,65,< 3,0.4
2017-09-05,32.0,11.0,84,72,< 3,0.4
2017-09-06,37.0,17.0,101,85,< 3,0.4
2017-09-07,38.0,22.0,102,90,< 3,0.5
2017-09-08,32.0,14.0,87,76,< 3,0.5
2017-09-09,41.0,14.0,77,67,< 3,0.5
2017-09-10,24.0,17.0,89,76,< 3,0.5
2017-09-11,15.0,10.0,71,65,< 3,0.4
2017-09-12,25.0,12.0,62,65,< 3,0.4
2017-09-13,44.0,13.0,46,39,< 3,0.5
2017-09-14,33.0,16.0,66,49,< 3,0.6
2017-09-15,45.0,27.0,36,22,< 3,0.6
2017-09-16,35.0,15.0,60,52,< 3,0.5
2017-09-17,30.0,11.0,59,44,< 3,0.4
2017-09-18,28.0,13.0,86,77,< 3,0.4
2017-09-19,39.0,14.0,50,41,< 3,0.4
2017-09-20,35.0,7.0,50,37,< 3,0.4
2017-09-21,63.0,13.0,64,51,< 3,0.6
2017-09-22,71.0,21.0,74,58,< 3,0.6
2017-09-23,70.0,32.0,85,68,< 3,0.6
2017-09-24,48.0,48.0,88,78,< 3,0.7
2017-09-25,33.0,34.0,80,66,< 3,0.5
2017-09-26,60.0,19.0,80,66,< 3,0.4
2017-09-27,66.0,21.0,68,61,< 3,0.6
2017-09-28,76.0,30.0,76,65,< 3,0.7
2017-09-29,68.0,34.0,66,54,3,0.6
2017-09-30,79.0,32.0,82,70,< 3,0.5
2017-10-01,64.0,34.0,79,70,< 3,0.5
2017-10-02,46.0,30.0,69,63,3,0.5
2017-10-03,74.0,35.0,73,56,< 3,0.5
2017-10-04,72.0,57.0,35,14,3,0.6
2017-10-05,70.0,49.0,53,42,< 3,0.8
2017-10-06,79.0,72.0,64,33,< 3,0.8
2017-10-07,50.0,52.0,55,41,< 3,0.7
2017-10-08,59.0,25.0,51,35,< 3,0.8
2017-10-09,68.0,33.0,65,52,< 3,0.8
2017-10-10,76.0,35.0,71,54,3,0.7
2017-10-11,74.0,45.0,66,52,< 3,0.7
2017-10-12,62.0,45.0,67,50,3,0.7
2017-10-13,66.0,56.0,68,48,< 3,0.9
2017-10-14,70.0,69.0,48,25,< 3,0.8
2017-10-15,72.0,77.0,65,36,< 3,1.2
2017-10-16,69.0,77.0,76,52,< 3,1.2
2017-10-17,86.0,77.0,62,35,< 3,1.1
2017-10-18,82.0,70.0,62,25,5,1.1
2017-10-19,60.0,74.0,37,20,3,0.8
2017-10-20,65.0,96.0,41,33,< 3,0.9
2017-10-21,67.0,95.0,21,10,< 3,0.9
2017-10-22,62.0,117.0,41,29,< 3,0.8
2017-10-23,40.0,53.0,53,43,< 3,0.8
2017-10-24,71.0,17.0,52,42,< 3,0.8
2017-10-25,78.0,38.0,43,22,< 3,1.6
2017-10-26,76.0,44.0,31,20,5,1.6
2017-10-27,70.0,60.0,30,15,3,1.8
2017-10-28,76.0,71.0,31,14,3,1.7
2017-10-29,64.0,75.0,23,10,3,1.4
2017-10-30,66.0,62.0,30,16,3,1.4
2017-10-31,94.0,33.0,37,,< 3,1.2
2017-11-01,98.0,38.0,41,29,3,1.9
2017-11-02,65.0,42.0,60,39,3,2
2017-11-03,82.0,74.0,19,7,3,1.2
2017-11-04,89.0,83.0,53,26,< 3,1.8
2017-11-05,63.0,92.0,6,< 4,< 3,2
2017-11-06,45.0,37.0,59,56,< 3,1.8
2017-11-07,40.0,8.0,57,52,< 3,0.3
2017-11-08,39.0,12.0,51,45,< 3,0.5
2017-11-09,66.0,27.0,32,27,3,1.5
2017-11-10,60.0,30.0,39,25,< 3,1.6
2017-11-11,60.0,30.0,33,23,< 3,1
2017-11-12,47.0,49.0,19,9,< 3,1
2017-11-13,45.0,51.0,29,8,3,0.8
2017-11-14,58.0,10.0,67,61,< 3,0.7
2017-11-15,78.0,20.0,43,29,3,1
2017-11-16,65.0,19.0,32,24,< 3,0.9
2017-11-17,80.0,30.0,37,23,4,0.8
2017-11-18,80.0,41.0,32,19,3,1.2
2017-11-19,73.0,47.0,31,17,5,1.7
2017-11-20,67.0,64.0,31,15,3,1.8
2017-11-21,89.0,75.0,26,9,3,1.7
2017-11-22,90.0,83.0,27,13,4,1.7
2017-11-23,115.0,95.0,15,5,4,2.6
2017-11-24,77.0,105.0,12,6,3,2.2
2017-11-25,78.0,101.0,19,7,3,1.7
2017-11-26,61.0,91.0,7,< 4,< 3,1.6
2017-11-27,40.0,19.0,53,48,< 3,0.7
2017-11-28,91.0,48.0,21,7,3,2
2017-11-29,66.0,52.0,7,< 4,4,2.2
2017-11-30,53.0,31.0,24,13,< 3,1
2017-12-01,59.0,39.0,23,9,< 3,1
2017-12-02,59.0,26.0,17,7,< 3,1.1
2017-12-03,55.0,21.0,49,38,< 3,0.7
2017-12-04,78.0,40.0,32,23,3,1.3
2017-12-05,84.0,58.0,17,8,3,1.4
2017-12-06,97.0,90.0,15,5,5,2.8
2017-12-07,128.0,122.0,< 4,< 4,5,3.1
2017-12-08,101.0,106.0,5,< 4,4,3.3
2017-12-09,61.0,86.0,< 4,< 4,3,2.4
2017-12-10,58.0,29.0,47,40,< 3,0.9
2017-12-11,49.0,42.0,27,20,< 3,1
2017-12-12,72.0,37.0,19,20,3,1.5
2017-12-13,70.0,49.0,< 4,< 4,< 3,2
2017-12-14,56.0,53.0,15,6,< 3,2
2017-12-15,66.0,58.0,4,< 4,< 3,1.4
2017-12-16,61.0,55.0,< 4,< 4,6,1.4
2017-12-17,73.0,23.0,57,40,5,1.1
2017-12-18,60.0,52.0,16,8,< 3,1.8
2017-12-19,95.0,60.0,9,< 4,3,1.8
2017-12-20,85.0,53.0,14,9,3,2.1
2017-12-21,97.0,75.0,7,< 4,3,2.5
2017-12-22,87.0,93.0,7,< 4,11,2.5
2017-12-23,104.0,113.0,< 4,< 4,4,2.4
2017-12-24,90.0,122.0,4,< 4,3,2.5
2017-12-25,81.0,122.0,7,< 4,4,2.7
2017-12-26,69.0,127.0,10,5,4,3.1
2017-12-27,57.0,80.0,11,5,< 3,1.8
2017-12-28,51.0,38.0,36,22,3,1.1
2017-12-29,62.0,18.0,44,22,3,0.6
2017-12-30,59.0,30.0,35,17,3,
2017-12-31,58.0,54.0,21,9,3,1.7
2018-01-01,63.0,66.0,< 4,< 4,< 3,1.9
2018-01-02,52.0,58.0,14,11,< 3,1.2
2018-01-03,64.0,45.0,10,4,< 3,1.8
2018-01-04,53.0,51.0,< 4,< 4,3,1.8
2018-01-05,67.0,53.0,19,8,3,1.3
2018-01-06,79.0,54.0,4,< 4,< 3,1.7
2018-01-07,68.0,119.0,34,15,< 3,1.8
2018-01-08,39.0,56.0,17,11,< 3,1.4
2018-01-09,44.0,29.0,39,26,< 3,0.5
2018-01-10,66.0,32.0,49,40,< 3,0.6
2018-01-11,57.0,21.0,21,11,< 3,0.8
2018-01-12,73.0,31.0,20,13,< 3,0.8
2018-01-13,90.0,35.0,47,31,3,2.1
2018-01-14,67.0,40.0,24,10,< 3,2.1
2018-01-15,66.0,34.0,38,27,< 3,1.4
2018-01-16,63.0,35.0,16,13,3,1
2018-01-17,51.0,53.0,6,4,3,1.1
2018-01-18,57.0,37.0,62,46,< 3,0.9
2018-01-19,85.0,25.0,57,44,< 3,
2018-01-20,79.0,49.0,19,10,3,
2018-01-21,65.0,,36,26,< 3,
2018-01-22,70.0,62.0,34,27,,
2018-01-23,86.0,56.0,35,15,< 3,
2018-01-24,120.0,,32,16,< 3,1.1
2018-01-25,112.0,,26,11,3,2
2018-01-26,88.0,114.0,< 4,< 4,3,2.3
2018-01-27,88.0,105.0,14,5,4,1.9
2018-01-28,69.0,86.0,27,13,< 3,2.1
2018-01-29,57.0,78.0,7,< 4,3,1.9
2018-01-30,77.0,84.0,< 4,< 4,4,2.2
2018-01-31,72.0,59.0,10,4,< 3,0.9
2018-02-01,50.0,57.0,< 4,< 4,< 3,0.8
2018-02-02,54.0,47.0,< 4,< 4,< 3,0.8
2018-02-03,71.0,18.0,51,24,< 3,0.8
2018-02-04,46.0,8.0,60,58,< 3,0.4
2018-02-05,77.0,27.0,42,34,< 3,0.7
2018-02-06,78.0,34.0,47,34,< 3,1
2018-02-07,63.0,26.0,53,37,< 3,1.1
2018-02-08,64.0,23.0,56,53,10,0.9
2018-02-09,59.0,62.0,8,4,4,1
2018-02-10,60.0,,31,22,< 3,1.1
2018-02-11,,,,59,,
2018-02-12,,,,55,,
2018-02-13,44.0,,47,,,
2018-02-14,77.0,25.0,54,35,3,0.8
2018-02-15,92.0,48.0,56,37,< 3,1.3
2018-02-16,98.0,63.0,33,18,5,1.6
2018-02-17,91.0,97.0,20,9,3,2.1
2018-02-18,78.0,65.0,55,36,< 3,2.1
2018-02-19,48.0,40.0,63,57,< 3,0.7
2018-02-20,67.0,22.0,64,54,< 3,0.5
2018-02-21,84.0,29.0,48,37,4,0.5
2018-02-22,74.0,35.0,40,31,< 3,0.9
2018-02-23,37.0,15.0,61,53,< 3,0.5
2018-02-24,46.0,13.0,61,57,3,0.5
2018-02-25,40.0,21.0,74,67,< 3,0.5
2018-02-26,18.0,22.0,81,78,3,0.4
2018-02-27,44.0,22.0,75,75,< 3,0.3
2018-02-28,82.0,31.0,72,63,3,0.5
2018-03-01,63.0,43.0,59,53,< 3,0.6
2018-03-02,64.0,57.0,58,50,< 3,0.6
2018-03-03,87.0,80.0,21,20,< 3,1
2018-03-04,69.0,62.0,17,11,< 3,1
2018-03-05,55.0,45.0,36,23,3,0.9
2018-03-06,80.0,49.0,43,27,< 3,0.9
2018-03-07,67.0,25.0,44,37,< 3,0.7
2018-03-08,64.0,47.0,40,25,< 3,0.8
2018-03-09,65.0,46.0,49,31,5,0.9
2018-03-10,72.0,52.0,47,35,3,0.9
2018-03-11,69.0,59.0,16,21,< 3,0.8
2018-03-12,42.0,33.0,49,44,3,0.8
2018-03-13,64.0,25.0,53,32,< 3,0.8
2018-03-14,63.0,41.0,42,29,< 3,1
2018-03-15,66.0,51.0,53,41,< 3,1
2018-03-16,55.0,30.0,64,46,4,0.6
2018-03-17,48.0,15.0,73,63,< 3,0.4
2018-03-18,42.0,18.0,57,44,< 3,0.4
2018-03-19,22.0,9.0,70,54,< 3,0.4
2018-03-20,59.0,14.0,71,69,< 3,0.6
2018-03-21,56.0,26.0,74,63,< 3,0.6
2018-03-22,40.0,27.0,84,77,< 3,0.4
2018-03-23,79.0,28.0,74,66,3,0.6
2018-03-24,82.0,33.0,77,70,4,0.7
2018-03-25,79.0,39.0,77,63,< 3,0.8
2018-03-26,75.0,45.0,98,88,< 3,1
2018-03-27,83.0,55.0,85,78,8,0.9
2018-03-28,85.0,43.0,90,83,5,0.6
2018-03-29,67.0,43.0,87,72,4,0.5
2018-03-30,49.0,48.0,60,58,< 3,0.5
2018-03-31,33.0,42.0,76,55,< 3,0.5
2018-04-01,47.0,19.0,63,58,< 3,0.5
2018-04-02,36.0,16.0,87,80,< 3,0.6
2018-04-03,34.0,24.0,84,78,< 3,0.4
2018-04-04,43.0,34.0,72,66,< 3,0.4
2018-04-05,61.0,27.0,69,55,< 3,0.4
2018-04-06,54.0,28.0,77,63,< 3,0.5
2018-04-07,42.0,30.0,79,67,< 3,0.5
2018-04-08,53.0,26.0,86,79,3,0.5
2018-04-09,50.0,25.0,103,95,< 3,0.6
2018-04-10,63.0,28.0,87,69,< 3,0.5
2018-04-11,37.0,20.0,76,61,< 3,
2018-04-12,44.0,20.0,76,61,< 3,0.7
2018-04-13,51.0,31.0,76,68,< 3,0.4
2018-04-14,45.0,14.0,89,87,< 3,0.4
2018-04-15,80.0,26.0,104,84,< 3,0.7
2018-04-16,56.0,35.0,75,54,< 3,0.8
2018-04-17,50.0,45.0,63,57,< 3,0.4
2018-04-18,69.0,,86,79,< 3,0.6
2018-04-19,84.0,,91,80,< 3,0.8
2018-04-20,81.0,,111,100,< 3,0.7
2018-04-21,105.0,41.0,95,86,3,0.7
2018-04-22,71.0,32.0,105,99,3,0.8
2018-04-23,38.0,33.0,110,101,4,0.4
2018-04-24,54.0,40.0,95,61,3,0.5
2018-04-25,51.0,38.0,102,91,< 3,0.4
2018-04-26,46.0,43.0,109,92,< 3,0.4
2018-04-27,44.0,44.0,104,90,3,0.4
2018-04-28,72.0,30.0,94,86,< 3,0.4
2018-04-29,64.0,44.0,113,101,< 3,0.5
2018-04-30,31.0,40.0,123,107,3,0.4
2018-05-01,24.0,20.0,97,94,< 3,0.5
2018-05-02,25.0,20.0,91,79,< 3,0.4
2018-05-03,47.0,26.0,91,76,< 3,0.3
2018-05-04,44.0,35.0,75,60,< 3,0.3
2018-05-05,40.0,27.0,91,81,< 3,0.3
2018-05-06,41.0,27.0,98,76,< 3,0.4
2018-05-07,48.0,28.0,119,99,< 3,0.4
2018-05-08,64.0,28.0,123,112,< 3,0.5
2018-05-09,50.0,27.0,123,104,< 3,0.5
2018-05-10,42.0,17.0,113,103,< 3,0.3
2018-05-11,48.0,21.0,101,86,< 3,0.3
2018-05-12,53.0,25.0,98,88,< 3,0.4
2018-05-13,35.0,23.0,107,88,< 3,0.3
2018-05-14,20.0,24.0,89,81,< 3,0.4
2018-05-15,24.0,12.0,84,74,< 3,0.3
2018-05-16,30.0,14.0,67,62,< 3,0.3
2018-05-17,39.0,17.0,90,81,< 3,0.3
2018-05-18,42.0,,85,74,< 3,0.3
2018-05-19,43.0,,100,86,< 3,0.4
2018-05-20,40.0,15.0,108,102,< 3,0.4
2018-05-21,28.0,,119,110,< 3,0.3
2018-05-22,45.0,24.0,124,115,< 3,0.4
2018-05-23,40.0,18.0,68,59,< 3,0.4
2018-05-24,38.0,19.0,61,41,< 3,0.4
2018-05-25,34.0,22.0,66,50,< 3,0.4
2018-05-26,38.0,27.0,113,95,< 3,0.4
2018-05-27,46.0,22.0,120,106,< 3,0.4
2018-05-28,48.0,28.0,126,106,< 3,0.6
2018-05-29,38.0,,113,90,< 3,0.4
2018-05-30,34.0,29.0,82,,< 3,
2018-05-31,37.0,26.0,108,91,3,0.3
2018-06-01,45.0,37.0,106,79,< 3,0.4
2018-06-02,40.0,34.0,109,99,< 3,0.4
2018-06-03,32.0,31.0,118,108,< 3,0.3
2018-06-04,34.0,24.0,124,112,< 3,0.4
2018-06-05,41.0,23.0,113,99,< 3,0.3
2018-06-06,34.0,26.0,104,92,< 3,0.2
2018-06-07,45.0,28.0,97,72,< 3,0.3
2018-06-08,65.0,25.0,112,83,< 3,0.4
2018-06-09,29.0,17.0,96,85,< 3,0.4
2018-06-10,40.0,20.0,118,108,< 3,0.4
2018-06-11,40.0,22.0,119,110,< 3,0.5
2018-06-12,42.0,26.0,126,110,< 3,0.5
2018-06-13,36.0,29.0,82,69,< 3,0.5
2018-06-14,25.0,13.0,96,86,< 3,0.4
2018-06-15,33.0,,53,,< 3,
2018-06-16,44.0,,99,,< 3,
2018-06-17,59.0,20.0,119,112,< 3,0.5
2018-06-18,46.0,20.0,129,122,< 3,0.5
2018-06-19,46.0,20.0,112,89,< 3,0.5
2018-06-20,51.0,18.0,101,91,< 3,0.5
2018-06-21,52.0,26.0,125,115,< 3,0.4
2018-06-22,53.0,26.0,154,138,< 3,0.4
2018-06-23,29.0,13.0,84,86,< 3,0.4
2018-06-24,34.0,14.0,93,88,< 3,0.2
2018-06-25,36.0,17.0,101,90,< 3,0.3
2018-06-26,27.0,11.0,88,80,< 3,0.3
2018-06-27,40.0,14.0,91,82,< 3,0.3
2018-06-28,44.0,16.0,100,91,< 3,0.3
2018-06-29,38.0,13.0,94,75,< 3,0.3
2018-06-30,68.0,19.0,145,124,< 3,0.4
2018-07-01,61.0,23.0,157,148,< 3,0.5
2018-07-02,18.0,20.0,106,104,< 3,0.4
2018-07-03,28.0,20.0,113,92,< 3,0.3
2018-07-04,47.0,24.0,124,106,< 3,0.4
2018-07-05,41.0,19.0,164,130,< 3,0.3
2018-07-06,41.0,23.0,120,106,< 3,0.3
2018-07-07,39.0,16.0,125,104,< 3,0.3
2018-07-08,41.0,16.0,123,116,< 3,0.4
2018-07-09,17.0,14.0,111,105,< 3,0.3
2018-07-10,42.0,16.0,119,110,< 3,0.3
2018-07-11,39.0,17.0,107,93,< 3,0.3
2018-07-12,25.0,17.0,85,83,< 3,0.3
2018-07-13,27.0,16.0,109,93,< 3,0.3
2018-07-14,27.0,15.0,129,111,< 3,0.3
2018-07-15,33.0,19.0,140,131,< 3,0.4
2018-07-16,26.0,15.0,139,124,< 3,0.3
2018-07-17,33.0,14.0,101,93,< 3,0.3
2018-07-18,38.0,,124,113,< 3,0.4
2018-07-19,37.0,,160,145,< 3,0.4
2018-07-20,37.0,,142,128,< 3,0.4
2018-07-21,44.0,22.0,125,107,< 3,0.5
2018-07-22,39.0,12.0,124,90,< 3,0.4
2018-07-23,22.0,12.0,107,88,< 3,0.4
2018-07-24,30.0,10.0,118,100,< 3,0.3
2018-07-25,47.0,21.0,142,129,< 3,0.4
2018-07-26,49.0,24.0,155,143,< 3,0.5
2018-07-27,46.0,20.0,102,94,< 3,0.6
2018-07-28,48.0,19.0,148,128,< 3,0.4
2018-07-29,37.0,24.0,152,131,< 3,0.4
2018-07-30,27.0,26.0,132,123,< 3,0.4
2018-07-31,48.0,,172,146,< 3,0.4
2018-08-01,56.0,,170,139,< 3,0.5
2018-08-02,40.0,,152,144,< 3,0.5
2018-08-03,46.0,22.0,136,99,< 3,0.4
2018-08-04,55.0,28.0,122,106,< 3,0.5
2018-08-05,50.0,27.0,130,114,< 3,0.6
2018-08-06,43.0,29.0,147,132,< 3,0.7
2018-08-07,44.0,27.0,95,,< 3,0.5
2018-08-08,36.0,30.0,143,112,< 3,0.5
2018-08-09,40.0,26.0,127,83,< 3,0.4
2018-08-10,43.0,,114,,< 3,0.5
2018-08-11,36.0,19.0,113,105,< 3,0.4
2018-08-12,37.0,24.0,125,105,< 3,0.4
2018-08-13,21.0,18.0,118,109,< 3,0.4
2018-08-14,34.0,22.0,117,99,< 3,0.4
2018-08-15,21.0,14.0,77,69,< 3,0.3
2018-08-16,37.0,11.0,91,81,< 3,0.4
2018-08-17,34.0,17.0,112,101,< 3,0.4
2018-08-18,41.0,19.0,124,114,< 3,0.5
2018-08-19,46.0,26.0,128,112,< 3,0.6
2018-08-20,39.0,27.0,129,123,< 3,0.5
2018-08-21,51.0,27.0,146,125,< 3,0.4
2018-08-22,51.0,28.0,137,124,< 3,0.5
2018-08-23,50.0,31.0,164,144,< 3,0.5
2018-08-24,52.0,36.0,168,135,< 3,0.5
2018-08-25,36.0,33.0,140,125,< 3,0.6
2018-08-26,35.0,16.0,101,92,< 3,0.5
2018-08-27,34.0,6.0,76,68,< 3,0.5
2018-08-28,64.0,17.0,83,70,< 3,0.5
2018-08-29,68.0,22.0,100,87,< 3,0.6
2018-08-30,57.0,22.0,118,106,< 3,
2018-08-31,48.0,26.0,95,82,3,0.4
2018-09-01,42.0,22.0,104,87,3,0.4
2018-09-02,21.0,14.0,87,75,< 3,0.3
2018-09-03,23.0,11.0,73,62,< 3,0.4
2018-09-04,37.0,16.0,81,65,< 3,0.4
2018-09-05,39.0,20.0,90,78,< 3,0.5
2018-09-06,38.0,41.0,126,100,< 3,0.5
2018-09-07,46.0,,,,< 3,
2018-09-08,,,,,,
2018-09-09,,,,,,
2018-09-10,,,,,,
2018-09-11,48.0,,97,,,
2018-09-12,48.0,34.0,130,98,< 3,0.7
2018-09-13,45.0,,136,112,< 3,0.5
2018-09-14,40.0,55.0,107,,4,
2018-09-15,54.0,46.0,122,96,4,0.5
2018-09-16,48.0,28.0,102,80,4,0.5
2018-09-17,39.0,26.0,102,84,< 3,0.6
2018-09-18,41.0,30.0,100,80,< 3,0.5
2018-09-19,44.0,30.0,92,71,< 3,0.4
2018-09-20,39.0,34.0,104,78,< 3,0.4
2018-09-21,65.0,34.0,120,93,< 3,0.7
2018-09-22,60.0,35.0,111,89,< 3,0.7
2018-09-23,34.0,35.0,96,69,< 3,0.4
2018-09-24,32.0,27.0,87,70,< 3,0.3
2018-09-25,41.0,24.0,70,64,< 3,0.5
2018-09-26,78.0,16.0,77,70,< 3,0.3
2018-09-27,62.0,20.0,69,64,< 3,0.4
2018-09-28,53.0,,68,56,< 3,0.5
2018-09-29,97.0,,55,,< 3,
2018-09-30,46.0,22.0,101,95,< 3,1.4
2018-10-01,54.0,19.0,74,66,< 3,0.4
2018-10-02,54.0,,21,,< 3,
2018-10-03,61.0,,56,,3,
2018-10-04,72.0,29.0,66,49,13,
2018-10-05,86.0,26.0,69,55,3,
2018-10-06,71.0,26.0,88,71,5,
2018-10-07,27.0,25.0,65,57,< 3,
2018-10-08,41.0,18.0,55,44,< 3,
2018-10-09,57.0,27.0,54,39,< 3,
2018-10-10,82.0,40.0,93,70,< 3,0.9
2018-10-11,91.0,52.0,90,72,7,0.7
2018-10-12,71.0,,84,67,5,0.6
2018-10-13,76.0,63.0,70,,< 3,
2018-10-14,78.0,53.0,100,78,4,0.9
2018-10-15,70.0,29.0,104,77,5,0.9
2018-10-16,68.0,51.0,64,48,5,0.7
2018-10-17,68.0,49.0,48,30,< 3,0.6
2018-10-18,60.0,45.0,28,18,< 3,0.6
2018-10-19,72.0,49.0,49,28,< 3,1.2
2018-10-20,94.0,52.0,93,59,< 3,1.2
2018-10-21,77.0,61.0,83,64,< 3,1.2
2018-10-22,43.0,40.0,74,61,3,1.3
2018-10-23,71.0,24.0,57,42,< 3,0.8
2018-10-24,67.0,35.0,71,55,3,0.7
2018-10-25,78.0,74.0,36,12,3,0.8
2018-10-26,70.0,58.0,50,39,< 3,0.8
2018-10-27,56.0,39.0,29,19,4,0.5
2018-10-28,43.0,38.0,23,16,< 3,0.5
2018-10-29,39.0,20.0,57,52,< 3,0.4
2018-10-30,32.0,33.0,71,58,< 3,0.3
2018-10-31,55.0,17.0,62,59,< 3,0.7
2018-11-01,58.0,24.0,56,37,< 3,0.7
2018-11-02,28.0,28.0,57,43,< 3,0.3
2018-11-03,39.0,24.0,32,20,< 3,0.3
2018-11-04,42.0,21.0,41,24,< 3,0.9
2018-11-05,28.0,29.0,43,36,< 3,0.9
2018-11-06,36.0,30.0,44,34,< 3,0.3
2018-11-07,55.0,31.0,31,28,< 3,0.5
2018-11-08,45.0,41.0,29,17,< 3,0.8
2018-11-09,45.0,46.0,14,7,3,1
2018-11-10,39.0,41.0,17,13,< 3,0.9
2018-11-11,52.0,33.0,40,28,< 3,0.4
2018-11-12,60.0,47.0,35,24,< 3,0.9
2018-11-13,41.0,47.0,31,22,< 3,1.1
2018-11-14,47.0,52.0,12,13,< 3,1
2018-11-15,56.0,45.0,27,13,< 3,1.5
2018-11-16,68.0,41.0,38,25,3,1.6
2018-11-17,56.0,29.0,62,48,< 3,1.2
2018-11-18,36.0,21.0,65,53,< 3,0.4
2018-11-19,56.0,22.0,61,50,< 3,0.5
2018-11-20,55.0,29.0,42,31,< 3,0.7
2018-11-21,57.0,15.0,47,43,4,0.6
2018-11-22,61.0,47.0,9,5,3,1.3
2018-11-23,54.0,56.0,< 4,< 4,< 3,1.3
2018-11-24,62.0,55.0,13,4,< 3,1.5
2018-11-25,51.0,25.0,35,25,< 3,0.6
2018-11-26,43.0,30.0,6,< 4,< 3,0.6
2018-11-27,49.0,38.0,5,4,3,0.8
2018-11-28,45.0,27.0,10,7,< 3,1
2018-11-29,73.0,40.0,23,13,4,1.2
2018-11-30,85.0,39.0,27,15,3,1.3
2018-12-01,73.0,38.0,25,17,4,1.1
2018-12-02,69.0,60.0,26,14,3,1.1
2018-12-03,55.0,88.0,< 4,< 4,< 3,1
2018-12-04,67.0,94.0,10,6,< 3,1.7
2018-12-05,79.0,95.0,8,4,3,2
2018-12-06,71.0,62.0,4,< 4,< 3,2.1
2018-12-07,71.0,44.0,19,13,< 3,1.3
2018-12-08,62.0,75.0,4,< 4,< 3,1.3
2018-12-09,56.0,64.0,13,8,< 3,1.5
2018-12-10,50.0,51.0,35,25,< 3,1.6
2018-12-11,84.0,51.0,12,4,< 3,1
2018-12-12,80.0,24.0,52,26,< 3,1
2018-12-13,101.0,47.0,19,10,3,2.2
2018-12-14,68.0,36.0,27,12,< 3,2.2
2018-12-15,77.0,33.0,43,27,3,1.1
2018-12-16,77.0,62.0,19,9,3,1.7
2018-12-17,69.0,69.0,9,6,3,2.1
2018-12-18,80.0,68.0,32,12,< 3,1.8
2018-12-19,99.0,80.0,7,4,3,2.2
2018-12-20,97.0,70.0,< 4,< 4,3,2.1
2018-12-21,67.0,41.0,19,12,3,1.3
2018-12-22,51.0,52.0,< 4,< 4,< 3,1.3
2018-12-23,59.0,77.0,< 4,< 4,3,2
2018-12-24,49.0,69.0,< 4,< 4,3,2.3
2018-12-25,48.0,61.0,7,< 4,< 3,1.2
2018-12-26,35.0,31.0,5,< 4,< 3,1.2
2018-12-27,39.0,34.0,14,9,< 3,0.5
2018-12-28,48.0,40.0,7,6,< 3,0.6
2018-12-29,54.0,53.0,< 4,< 4,3,1.4
2018-12-30,64.0,91.0,< 4,< 4,< 3,2.2
2018-12-31,62.0,101.0,12,5,< 3,2.6
2019-01-01,62.0,102.0,10,4,4,2.3
2019-01-02,59.0,79.0,10,5,4,2.3
2019-01-03,72.0,38.0,58,27,< 3,0.9
2019-01-04,98.0,56.0,24,9,4,2.2
2019-01-05,86.0,68.0,24,9,3,2
2019-01-06,90.0,95.0,4,< 4,3,1.8
2019-01-07,84.0,115.0,32,15,< 3,2
2019-01-08,74.0,94.0,7,4,3,2.1
2019-01-09,92.0,75.0,< 4,< 4,3,1.7
2019-01-10,59.0,68.0,< 4,< 4,< 3,1.7
2019-01-11,104.0,78.0,14,6,3,2.2
2019-01-12,86.0,84.0,17,6,3,2.6
2019-01-13,73.0,86.0,10,5,< 3,2.4
2019-01-14,66.0,82.0,20,11,3,1.8
2019-01-15,64.0,62.0,52,32,< 3,1.7
2019-01-16,107.0,45.0,58,47,6,1.6
2019-01-17,105.0,72.0,17,8,5,1.6
2019-01-18,68.0,85.0,4,< 4,3,1.8
2019-01-19,55.0,36.0,49,37,< 3,1
2019-01-20,70.0,29.0,41,39,< 3,1
2019-01-21,68.0,55.0,40,24,< 3,1.2
2019-01-22,76.0,65.0,48,30,< 3,1.2
2019-01-23,74.0,29.0,62,45,< 3,0.8
2019-01-24,48.0,27.0,49,43,< 3,0.5
2019-01-25,88.0,35.0,67,44,3,1.6
2019-01-26,90.0,50.0,41,27,3,1.6
2019-01-27,93.0,87.0,12,6,3,1.9
2019-01-28,64.0,84.0,14,6,< 3,2
2019-01-29,66.0,39.0,38,18,< 3,0.8
2019-01-30,87.0,37.0,41,20,4,1.3
2019-01-31,64.0,36.0,34,24,< 3,1.4
2019-02-01,66.0,34.0,45,30,< 3,0.8
2019-02-02,59.0,28.0,43,31,< 3,1
2019-02-03,57.0,24.0,38,19,< 3,1
2019-02-04,53.0,32.0,26,28,< 3,1
2019-02-05,74.0,30.0,55,41,< 3,1
2019-02-06,81.0,,42,28,< 3,0.9
2019-02-07,99.0,44.0,42,32,< 3,1.3
2019-02-08,91.0,59.0,33,19,3,1.5
2019-02-09,103.0,73.0,57,33,< 3,1.7
2019-02-10,77.0,78.0,39,22,< 3,1.9
2019-02-11,72.0,101.0,21,12,< 3,1.2
2019-02-12,55.0,48.0,33,19,< 3,0.7
2019-02-13,77.0,22.0,46,36,< 3,0.7
2019-02-14,87.0,46.0,57,44,3,1.1
2019-02-15,93.0,66.0,38,23,< 3,1.4
2019-02-16,109.0,72.0,43,29,3,1.9
2019-02-17,95.0,87.0,39,20,3,1.9
2019-02-18,89.0,120.0,54,32,3,2.2
2019-02-19,107.0,132.0,26,12,5,1.7
2019-02-20,89.0,110.0,32,18,< 3,1.5
2019-02-21,88.0,144.0,38,23,< 3,1.4
2019-02-22,93.0,128.0,56,31,< 3,1.9
2019-02-23,112.0,137.0,36,19,< 3,2
2019-02-24,83.0,57.0,76,68,< 3,2.1
2019-02-25,89.0,44.0,60,54,< 3,1.1
2019-02-26,111.0,75.0,61,44,5,1.7
2019-02-27,106.0,88.0,28,17,5,1.7
2019-02-28,109.0,94.0,56,31,< 3,2
2019-03-01,102.0,79.0,64,49,5,1.1
2019-03-02,84.0,55.0,60,45,< 3,1.2
2019-03-03,62.0,100.0,60,47,4,1.4
2019-03-04,60.0,110.0,83,70,4,0.9
2019-03-05,56.0,75.0,56,42,< 3,0.7
2019-03-06,74.0,66.0,59,41,3,0.7
2019-03-07,65.0,61.0,61,48,< 3,0.7
2019-03-08,85.0,66.0,62,51,3,1.2
2019-03-09,83.0,41.0,78,64,< 3,1.3
2019-03-10,67.0,41.0,77,63,< 3,0.7
2019-03-11,54.0,51.0,52,45,5,0.6
2019-03-12,55.0,43.0,86,62,3,0.5
2019-03-13,49.0,15.0,75,71,< 3,0.4
2019-03-14,83.0,34.0,56,43,3,0.8
2019-03-15,67.0,51.0,64,48,< 3,1
2019-03-16,85.0,68.0,66,51,5,0.7
2019-03-17,72.0,70.0,69,63,< 3,0.7
2019-03-18,45.0,50.0,63,58,3,0.6
2019-03-19,41.0,25.0,75,69,< 3,0.3
2019-03-20,64.0,21.0,82,72,< 3,0.4
2019-03-21,54.0,25.0,79,75,< 3,0.4
2019-03-22,98.0,35.0,85,76,4,0.9
2019-03-23,118.0,49.0,85,75,3,1.1
2019-03-24,93.0,42.0,90,81,3,1.2
2019-03-25,75.0,46.0,91,81,3,1.2
2019-03-26,51.0,48.0,94,79,3,0.5
2019-03-27,79.0,12.0,85,79,< 3,0.5
2019-03-28,82.0,18.0,81,76,< 3,0.6
2019-03-29,66.0,20.0,82,77,< 3,0.5
2019-03-30,96.0,34.0,75,69,3,0.7
2019-03-31,97.0,49.0,90,70,< 3,1
2019-04-01,90.0,54.0,101,87,< 3,0.7
2019-04-02,102.0,44.0,108,102,3,0.7
2019-04-03,90.0,51.0,82,73,4,0.5
2019-04-04,60.0,32.0,86,80,3,0.4
2019-04-05,41.0,30.0,90,82,3,
2019-04-06,45.0,16.0,68,68,< 3,0.3
2019-04-07,58.0,29.0,74,68,< 3,0.4
2019-04-08,65.0,36.0,81,58,< 3,0.6
2019-04-09,59.0,38.0,27,22,< 3,0.7
2019-04-10,61.0,37.0,40,30,< 3,0.8
2019-04-11,54.0,27.0,81,65,4,0.5
2019-04-12,50.0,17.0,63,57,< 3,0.4
2019-04-13,40.0,17.0,63,60,< 3,0.4
2019-04-14,44.0,33.0,54,50,< 3,0.4
2019-04-15,44.0,25.0,80,72,< 3,0.4
2019-04-16,92.0,28.0,88,,< 3,1.1
2019-04-17,81.0,39.0,105,95,3,0.7
2019-04-18,112.0,44.0,130,116,< 3,0.6
2019-04-19,69.0,33.0,119,109,< 3,0.6
2019-04-20,90.0,26.0,113,106,< 3,0.7
2019-04-21,73.0,27.0,122,117,< 3,0.8
2019-04-22,53.0,23.0,130,122,3,0.6
2019-04-23,20.0,32.0,115,108,3,0.3
2019-04-24,28.0,24.0,85,97,< 3,0.2
2019-04-25,52.0,,73,66,< 3,0.3
2019-04-26,25.0,66.0,96,91,< 3,0.3
2019-04-27,35.0,53.0,85,79,< 3,0.3
2019-04-28,41.0,14.0,103,95,< 3,0.3
2019-04-29,19.0,12.0,93,85,< 3,0.3
2019-04-30,29.0,8.0,88,79,< 3,0.2
2019-05-01,52.0,16.0,90,76,3,0.3
2019-05-02,54.0,16.0,122,112,< 3,0.4
2019-05-03,44.0,18.0,118,103,4,0.3
2019-05-04,30.0,14.0,86,83,< 3,0.3
2019-05-05,21.0,17.0,94,84,4,0.2
2019-05-06,19.0,9.0,78,75,3,0.2
2019-05-07,36.0,12.0,97,91,< 3,0.3
2019-05-08,48.0,16.0,95,89,< 3,0.3
2019-05-09,65.0,22.0,83,72,3,0.3
2019-05-10,34.0,13.0,108,100,< 3,0.3
2019-05-11,48.0,18.0,106,99,< 3,0.2
2019-05-12,,15.0,97,94,4,0.3
2019-05-13,,6.0,87,84,< 3,0.2
2019-05-14,48.0,13.0,67,52,< 3,0.3
2019-05-15,59.0,18.0,86,80,< 3,0.4
2019-05-16,63.0,17.0,73,64,< 3,0.5
2019-05-17,45.0,15.0,92,73,< 3,0.5
2019-05-18,50.0,14.0,92,86,3,0.4
2019-05-19,23.0,12.0,65,62,< 3,0.3
2019-05-20,35.0,13.0,88,84,< 3,0.3
2019-05-21,35.0,11.0,77,75,< 3,0.3
2019-05-22,45.0,19.0,73,63,< 3,0.3
2019-05-23,43.0,23.0,113,98,< 3,0.3
2019-05-24,36.0,24.0,129,116,< 3,0.3
2019-05-25,42.0,18.0,121,108,3,0.3
2019-05-26,29.0,22.0,102,97,< 3,0.3
2019-05-27,30.0,19.0,112,109,3,0.3
2019-05-28,44.0,9.0,96,93,< 3,0.2
2019-05-29,27.0,11.0,97,86,< 3,0.2
2019-05-30,37.0,8.0,70,73,< 3,0.2
2019-05-31,40.0,11.0,82,72,< 3,0.3
2019-06-01,80.0,18.0,112,106,< 3,0.4
2019-06-02,38.0,14.0,120,117,7,0.5
2019-06-03,46.0,21.0,122,119,4,0.2
2019-06-04,38.0,25.0,139,129,5,0.2
2019-06-05,48.0,27.0,148,131,5,0.2
2019-06-06,39.0,26.0,108,103,5,0.3
2019-06-07,23.0,24.0,121,,< 3,0.3
2019-06-08,26.0,35.0,128,116,< 3,0.2
2019-06-09,24.0,31.0,133,121,< 3,0.2
2019-06-10,60.0,36.0,150,135,3,0.2
2019-06-11,45.0,41.0,107,92,< 3,0.3
2019-06-12,41.0,50.0,106,101,3,0.2
2019-06-13,32.0,43.0,110,99,7,0.2
2019-06-14,29.0,30.0,156,149,< 3,0.2
2019-06-15,61.0,28.0,147,127,4,0.2
2019-06-16,73.0,42.0,174,149,3,0.3
2019-06-17,32.0,38.0,156,147,< 3,0.2
2019-06-18,36.0,27.0,120,116,< 3,0.2
2019-06-19,32.0,28.0,142,136,6,0.2
2019-06-20,45.0,36.0,177,158,5,0.2
2019-06-21,36.0,27.0,150,142,4,0.1
2019-06-22,30.0,33.0,170,150,3,0.2
2019-06-23,31.0,25.0,104,96,< 3,0.4
2019-06-24,32.0,18.0,152,138,< 3,0.4
2019-06-25,43.0,24.0,167,146,< 3,0.2
2019-06-26,52.0,32.0,189,172,3,0.2
2019-06-27,38.0,34.0,183,161,< 3,0.3
2019-06-28,49.0,50.0,240,222,< 3,0.4
2019-06-29,31.0,38.0,125,117,< 3,0.4
2019-06-30,32.0,30.0,146,141,3,0.2
2019-07-01,35.0,32.0,201,179,5,0.2
2019-07-02,42.0,28.0,136,122,9,0.2
2019-07-03,38.0,28.0,164,152,3,0.2
2019-07-04,35.0,,168,147,< 3,0.2
2019-07-05,34.0,,159,138,< 3,0.2
2019-07-06,46.0,,197,176,3,0.2
2019-07-07,25.0,26.0,167,141,3,0.2
2019-07-08,23.0,18.0,132,126,3,0.2
2019-07-09,28.0,28.0,130,118,3,0.1
2019-07-10,44.0,15.0,110,96,< 3,0.2
2019-07-11,46.0,19.0,116,110,< 3,0.2
2019-07-12,33.0,19.0,122,113,3,0.2
2019-07-13,42.0,21.0,143,127,< 3,0.2
2019-07-14,29.0,15.0,133,125,< 3,0.2
2019-07-15,24.0,11.0,132,123,3,0.1
2019-07-16,32.0,14.0,100,92,< 3,0.1
2019-07-17,47.0,23.0,147,139,< 3,0.2
2019-07-18,50.0,28.0,148,142,< 3,0.2
2019-07-19,42.0,27.0,114,107,< 3,0.1
2019-07-20,42.0,24.0,165,145,3,0.2
2019-07-21,42.0,23.0,154,135,3,0.2
2019-07-22,31.0,28.0,147,131,< 3,0.3
2019-07-23,37.0,27.0,184,159,3,0.3
2019-07-24,46.0,32.0,163,153,4,0.3
2019-07-25,53.0,28.0,165,150,3,0.3
2019-07-26,51.0,28.0,148,140,4,0.3
2019-07-27,41.0,26.0,207,150,3,0.3
2019-07-28,27.0,,116,96,3,0.1
2019-07-29,18.0,19.0,92,78,,0.1
2019-07-30,25.0,,109,103,3,0.1
2019-07-31,42.0,25.0,140,125,4,0.3
2019-08-01,37.0,17.0,132,104,3,0.3
2019-08-02,38.0,21.0,138,124,4,0.3
2019-08-03,34.0,17.0,115,101,< 3,0.3
2019-08-04,37.0,16.0,123,117,< 3,0.3
2019-08-05,36.0,15.0,124,120,3,0.3
2019-08-06,42.0,18.0,140,120,3,0.4
2019-08-07,41.0,16.0,121,113,3,0.3
2019-08-08,30.0,14.0,123,107,3,0.2
2019-08-09,28.0,18.0,137,121,< 3,0.2
2019-08-10,36.0,22.0,141,129,< 3,0.2
2019-08-11,32.0,27.0,109,94,5,0.3
2019-08-12,28.0,22.0,136,121,5,0.3
2019-08-13,29.0,28.0,113,99,4,0.3
2019-08-14,25.0,20.0,108,94,< 3,0.2
2019-08-15,27.0,11.0,92,88,3,0.1
2019-08-16,16.0,14.0,117,112,4,0.1
2019-08-17,22.0,10.0,112,101,< 3,0.2
2019-08-18,28.0,14.0,118,108,< 3,0.2
2019-08-19,26.0,15.0,118,108,< 3,0.2
2019-08-20,36.0,15.0,109,105,< 3,0.3
2019-08-21,35.0,20.0,158,133,3,0.3
2019-08-22,30.0,22.0,135,125,< 3,0.2
2019-08-23,28.0,20.0,118,99,4,0.2
2019-08-24,34.0,23.0,96,76,3,0.4
2019-08-25,24.0,23.0,128,120,3,0.4
2019-08-26,30.0,22.0,136,120,3,0.3
2019-08-27,42.0,36.0,142,131,< 3,0.3
2019-08-28,39.0,36.0,162,139,< 3,0.3
2019-08-29,41.0,39.0,141,120,4,0.4
2019-08-30,67.0,37.0,159,138,3,0.4
2019-08-31,41.0,32.0,147,123,3,0.4
2019-09-01,22.0,28.0,167,141,3,0.2
2019-09-02,24.0,30.0,153,140,< 3,0.2
2019-09-03,37.0,26.0,105,97,< 3,0.2
2019-09-04,41.0,10.0,92,85,< 3,0.3
2019-09-05,61.0,27.0,136,119,< 3,0.3
2019-09-06,45.0,23.0,139,121,3,0.3
2019-09-07,27.0,14.0,82,76,< 3,0.3
2019-09-08,26.0,12.0,102,95,< 3,0.1
2019-09-09,16.0,11.0,83,74,< 3,0.1
2019-09-10,29.0,13.0,95,78,4,0.2
2019-09-11,56.0,15.0,102,94,< 3,0.3
2019-09-12,75.0,20.0,118,102,< 3,0.5
2019-09-13,73.0,27.0,122,107,3,0.5
2019-09-14,60.0,26.0,119,99,< 3,0.4
2019-09-15,64.0,27.0,110,98,< 3,0.5
2019-09-16,49.0,24.0,116,94,< 3,0.6
2019-09-17,50.0,34.0,141,110,3,0.4
2019-09-18,46.0,25.0,115,105,3,0.3
2019-09-19,33.0,26.0,76,68,3,0.3
2019-09-20,37.0,19.0,80,73,< 3,0.3
2019-09-21,74.0,23.0,84,71,6,0.4
2019-09-22,62.0,22.0,94,82,4,0.5
2019-09-23,58.0,22.0,58,52,< 3,0.5
2019-09-24,38.0,23.0,42,34,< 3,0.3
2019-09-25,57.0,13.0,88,74,< 3,0.4
2019-09-26,39.0,23.0,58,43,3,0.3
2019-09-27,52.0,15.0,91,70,4,0.3
2019-09-28,54.0,24.0,91,74,6,0.4
2019-09-29,43.0,30.0,94,75,3,0.3
2019-09-30,52.0,26.0,101,88,< 3,0.3
2019-10-01,55.0,29.0,87,72,4,0.3
2019-10-02,36.0,27.0,84,73,< 3,0.3
2019-10-03,45.0,23.0,65,47,< 3,0.3
2019-10-04,63.0,11.0,67,57,< 3,0.4
2019-10-05,47.0,15.0,67,47,< 3,0.5
2019-10-06,65.0,29.0,87,71,3,0.4
2019-10-07,44.0,20.0,53,48,< 3,0.4
2019-10-08,69.0,19.0,70,59,5,0.3
2019-10-09,58.0,16.0,59,51,< 3,0.4
2019-10-10,45.0,,54,35,4,0.5
2019-10-11,57.0,35.0,65,,3,
2019-10-12,63.0,23.0,69,52,< 3,0.6
2019-10-13,55.0,22.0,77,48,< 3,0.6
2019-10-14,54.0,68.0,87,62,< 3,0.5
2019-10-15,48.0,71.0,57,49,< 3,0.6
2019-10-16,43.0,62.0,66,41,< 3,0.4
2019-10-17,52.0,24.0,62,43,< 3,0.7
2019-10-18,64.0,39.0,73,56,< 3,0.8
2019-10-19,50.0,44.0,62,37,< 3,0.4
2019-10-20,43.0,45.0,50,39,< 3,0.4
2019-10-21,32.0,26.0,91,74,< 3,0.3
2019-10-22,56.0,37.0,60,51,< 3,0.3
2019-10-23,74.0,43.0,56,41,3,0.8
2019-10-24,64.0,55.0,66,43,< 3,0.8
2019-10-25,63.0,45.0,48,27,< 3,0.5
2019-10-26,69.0,42.0,65,43,< 3,0.9
2019-10-27,67.0,32.0,71,50,< 3,0.9
2019-10-28,58.0,52.0,60,46,3,0.9
2019-10-29,55.0,59.0,17,7,3,1.4
2019-10-30,47.0,31.0,18,15,< 3,1.4
2019-10-31,51.0,26.0,32,26,< 3,0.3
2019-11-01,54.0,20.0,30,22,< 3,0.4
2019-11-02,51.0,19.0,62,53,< 3,0.5
2019-11-03,53.0,27.0,34,28,< 3,0.6
2019-11-04,46.0,18.0,29,20,< 3,0.7
2019-11-05,53.0,22.0,32,19,< 3,0.7
2019-11-06,46.0,23.0,36,15,< 3,0.4
2019-11-07,60.0,29.0,22,11,< 3,0.8
2019-11-08,65.0,,40,27,< 3,0.7
2019-11-09,50.0,15.0,44,36,< 3,0.3
2019-11-10,52.0,17.0,53,47,< 3,0.3
2019-11-11,53.0,29.0,59,41,< 3,1
2019-11-12,41.0,20.0,26,19,< 3,1.1
2019-11-13,33.0,14.0,51,44,< 3,0.1
2019-11-14,48.0,25.0,42,34,< 3,0.7
2019-11-15,65.0,22.0,50,31,< 3,0.9
2019-11-16,58.0,15.0,55,42,< 3,0.2
2019-11-17,62.0,30.0,34,26,< 3,0.3
2019-11-18,32.0,15.0,59,46,< 3,0.3
2019-11-19,64.0,22.0,47,32,< 3,0.1
2019-11-20,53.0,14.0,55,51,< 3,0.1
2019-11-21,57.0,23.0,43,24,< 3,0.2
2019-11-22,55.0,44.0,14,10,< 3,0.3
2019-11-23,59.0,36.0,33,23,< 3,0.3
2019-11-24,30.0,18.0,49,45,< 3,0.1
2019-11-25,29.0,16.0,62,52,< 3,< 0.1
2019-11-26,66.0,23.0,52,50,< 3,1.1
2019-11-27,65.0,37.0,30,18,3,1.7
2019-11-28,45.0,34.0,6,< 4,< 3,1.8
2019-11-29,43.0,32.0,15,9,< 3,0.6
2019-11-30,49.0,45.0,12,6,< 3,0.9
2019-12-01,46.0,39.0,18,10,< 3,0.9
2019-12-02,31.0,17.0,39,37,< 3,0.5
2019-12-03,44.0,15.0,34,24,< 3,0.4
2019-12-04,62.0,18.0,47,32,< 3,0.5
2019-12-05,75.0,42.0,47,33,< 3,1.2
2019-12-06,89.0,48.0,33,20,< 3,1.8
2019-12-07,56.0,54.0,< 4,,< 3,
2019-12-08,79.0,66.0,18,11,3,1.4
2019-12-09,63.0,65.0,30,16,< 3,1.4
2019-12-10,69.0,76.0,4,,< 3,1.3
2019-12-11,85.0,61.0,17,7,< 3,1.3
2019-12-12,95.0,47.0,43,27,3,1.7
2019-12-13,67.0,39.0,9,4,3,1.6
2019-12-14,60.0,31.0,30,16,< 3,0.9
2019-12-15,65.0,49.0,10,6,< 3,1.9
2019-12-16,60.0,50.0,7,4,< 3,2
2019-12-17,76.0,63.0,9,< 4,3,2.2
2019-12-18,60.0,55.0,4,< 4,< 3,2.1
2019-12-19,60.0,48.0,15,4,< 3,0.9
2019-12-20,49.0,34.0,18,7,< 3,0.7
2019-12-21,52.0,42.0,28,11,3,0.6
2019-12-22,42.0,19.0,49,38,3,0.1
2019-12-23,48.0,27.0,51,43,< 3,0.5
2019-12-24,45.0,22.0,39,31,< 3,0.5
2019-12-25,59.0,53.0,34,28,3,1.3
2019-12-26,61.0,78.0,20,10,< 3,1.3
2019-12-27,67.0,69.0,25,13,< 3,1.1
2019-12-28,81.0,58.0,35,18,< 3,1.2
2019-12-29,55.0,43.0,48,27,< 3,1.2
2019-12-30,58.0,50.0,31,22,< 3,1.1
2019-12-31,53.0,53.0,25,18,< 3,0.7
2020-01-01,62.0,83.0,9,5,< 3,1.6
2020-01-02,71.0,129.0,24,13,< 3,1.8
2020-01-03,65.0,83.0,19,8,< 3,1.6
2020-01-04,61.0,87.0,7,< 4,< 3,1.6
2020-01-05,63.0,95.0,15,7,3,1.8
2020-01-06,67.0,64.0,31,21,< 3,1.3
2020-01-07,72.0,117.0,27,16,< 3,1.7
2020-01-08,56.0,114.0,4,< 4,< 3,2.1
2020-01-09,63.0,66.0,7,4,< 3,0.9
2020-01-10,53.0,63.0,9,4,3,1.2
2020-01-11,87.0,104.0,14,6,3,1.8
2020-01-12,72.0,82.0,23,12,< 3,1.9
2020-01-13,67.0,50.0,48,30,3,1
2020-01-14,91.0,77.0,19,12,< 3,1.3
2020-01-15,73.0,96.0,6,< 4,3,1.8
2020-01-16,78.0,106.0,10,4,3,2.1
2020-01-17,85.0,114.0,32,14,3,2.4
2020-01-18,79.0,90.0,23,7,< 3,1.8
2020-01-19,74.0,56.0,6,< 4,< 3,1.9
2020-01-20,69.0,38.0,43,27,< 3,1.2
2020-01-21,57.0,28.0,50,39,< 3,1.3
2020-01-22,88.0,55.0,43,22,< 3,1.8
2020-01-23,98.0,91.0,11,5,< 3,2.4
2020-01-24,89.0,73.0,40,24,< 3,2.6
2020-01-25,93.0,86.0,11,7,< 3,2
2020-01-26,62.0,68.0,16,13,< 3,1.6
2020-01-27,55.0,79.0,18,9,< 3,1.2
2020-01-28,55.0,79.0,5,< 4,< 3,1.6
2020-01-29,53.0,78.0,38,18,< 3,1.5
2020-01-30,65.0,67.0,27,19,< 3,1.2
2020-01-31,68.0,64.0,6,4,< 3,1.4
2020-02-01,78.0,93.0,18,7,< 3,1.5
2020-02-02,67.0,92.0,25,12,< 3,1.6
2020-02-03,53.0,96.0,29,19,< 3,1.1
2020-02-04,57.0,98.0,22,9,< 3,1.2
2020-02-05,51.0,35.0,63,50,< 3,1.2
2020-02-06,79.0,23.0,75,67,< 3,0.7
2020-02-07,91.0,36.0,65,51,4,1
2020-02-08,80.0,63.0,39,28,< 3,1.4
2020-02-09,72.0,64.0,47,35,< 3,1.5
2020-02-10,71.0,98.0,48,29,< 3,1.4
2020-02-11,54.0,102.0,47,15,< 3,1.1
2020-02-12,75.0,85.0,33,25,< 3,0.8
2020-02-13,75.0,70.0,58,35,< 3,1.2
2020-02-14,63.0,52.0,36,26,3,1.1
2020-02-15,61.0,49.0,54,37,< 3,0.8
2020-02-16,68.0,49.0,66,49,< 3,1
2020-02-17,59.0,53.0,63,50,< 3,1.2
2020-02-18,52.0,59.0,17,8,< 3,1.1
2020-02-19,73.0,80.0,49,34,3,1.3
2020-02-20,66.0,44.0,64,51,< 3,1.6
2020-02-21,71.0,33.0,64,55,< 3,0.8
2020-02-22,79.0,43.0,56,47,< 3,1.1
2020-02-23,68.0,50.0,81,64,7,1.4
2020-02-24,58.0,66.0,60,43,< 3,0.8
2020-02-25,61.0,90.0,53,40,< 3,1
2020-02-26,59.0,84.0,45,27,< 3,1.2
2020-02-27,49.0,45.0,82,68,< 3,0.7
2020-02-28,71.0,20.0,75,63,< 3,0.5
2020-02-29,66.0,20.0,85,80,< 3,0.6
2020-03-01,67.0,38.0,66,50,< 3,0.9
2020-03-02,40.0,24.0,57,49,< 3,0.7
2020-03-03,40.0,37.0,48,33,< 3,0.5
2020-03-04,49.0,14.0,51,32,< 3,0.4
2020-03-05,72.0,18.0,74,62,< 3,0.7
2020-03-06,55.0,30.0,70,56,3,1.1
2020-03-07,51.0,15.0,78,71,< 3,0.5
2020-03-08,45.0,21.0,80,71,< 3,0.5
2020-03-09,35.0,16.0,89,79,< 3,0.4
2020-03-10,74.0,37.0,77,66,< 3,0.8
2020-03-11,68.0,61.0,67,38,< 3,1
2020-03-12,71.0,65.0,90,69,< 3,1
2020-03-13,63.0,73.0,97,76,< 3,0.9
2020-03-14,60.0,71.0,58,48,< 3,0.7
2020-03-15,21.0,15.0,71,67,< 3,0.7
2020-03-17,48.0,30.0,90,80,< 3,0.7
2020-03-18,44.0,39.0,105,89,< 3,0.6
2020-03-19,63.0,34.0,104,90,< 3,0.7
2020-03-20,50.0,36.0,113,97,< 3,0.8
2020-03-21,31.0,39.0,99,92,< 3,0.6
2020-03-22,24.0,40.0,114,106,< 3,0.5
2020-03-23,13.0,18.0,81,78,< 3,0.5
2020-03-24,46.0,21.0,84,81,< 3,0.6
2020-03-25,49.0,37.0,78,75,< 3,0.8
2020-03-26,18.0,23.0,80,78,< 3,0.4
2020-03-27,12.0,21.0,71,69,< 3,0.4
2020-03-28,54.0,102.0,64,61,< 3,0.4
2020-03-29,41.0,125.0,101,92,< 3,0.6
2020-03-30,29.0,131.0,110,101,3,0.5
2020-03-31,20.0,41.0,78,74,< 3,0.3
2020-04-01,17.0,16.0,88,85,< 3,0.2
2020-04-02,35.0,22.0,99,92,< 3,0.3
2020-04-03,44.0,34.0,108,101,3,0.4
2020-04-04,61.0,39.0,124,112,< 3,0.6
2020-04-05,41.0,37.0,114,110,< 3,0.6
2020-04-06,24.0,24.0,109,103,< 3,0.5
2020-04-07,51.0,34.0,125,118,3,0.6
2020-04-08,50.0,31.0,110,106,3,0.6
2020-04-09,44,28,105,100,4,0.5
